Workbook

Sheet Simulations
A1: Burn | B1: 0.25 | C1: Total | D1: 15000000 | E1: volume-weighted token distribution
B2: Year | C2: APY | E2: 0.25 | G2: 0.5 | I2: 0.6 | K2: 0.8 | M2: 1 | P2: Volume-weighted distribution
E3: Distributed | F3: Burned | G3: Distributed | H3: Burned | I3: Distributed | J3: Burned | K3: Distributed | L3: Burned | M3: Distributed | N3: Burned | P3: Volume | Q3: % Distribution
B4: 1 | C4: 0.08 | E4: {=INDIRECT("'Year "&$B4&"'"&"!P5")} -> 295233.98 | F4: {=INDIRECT("'Year "&$B4&"'"&"!P6")} -> 221425.49 | G4: {=INDIRECT("'Year "&$B4&"'"&"!ae5")} -> 586439.19 | H4: {=INDIRECT("'Year "&$B4&"'"&"!ae6")} -> 146609.8 | I4: {=INDIRECT("'Year "&$B4&"'"&"!at5")} -> 701804.47 | J4: {=INDIRECT("'Year "&$B4&"'"&"!at6")} -> 116967.41 | K4: {=INDIRECT("'Year "&$B4&"'"&"!bi5")} -> 930638.01 | L4: {=INDIRECT("'Year "&$B4&"'"&"!bi6")} -> 58164.876 | M4: {=INDIRECT("'Year "&$B4&"'"&"!bx5")} -> 1156963.3 | N4: {=INDIRECT("'Year "&$B4&"'"&"!bx6")} -> 0 | P4: <= $50M | Q4: 0.25
B5: 2 | C5: 0.08 | E5: {=INDIRECT("'Year "&$B5&"'"&"!P5")} -> 285064.95 | F5: {=INDIRECT("'Year "&$B5&"'"&"!P6")} -> 213798.72 | G5: {=INDIRECT("'Year "&$B5&"'"&"!ae5")} -> 557779.95 | H5: {=INDIRECT("'Year "&$B5&"'"&"!ae6")} -> 139444.99 | I5: {=INDIRECT("'Year "&$B5&"'"&"!at5")} -> 663496.62 | J5: {=INDIRECT("'Year "&$B5&"'"&"!at6")} -> 110582.77 | K5: {=INDIRECT("'Year "&$B5&"'"&"!bi5")} -> 874244.23 | L5: {=INDIRECT("'Year "&$B5&"'"&"!bi6")} -> 54640.264 | M5: {=INDIRECT("'Year "&$B5&"'"&"!bx5")} -> 1074891.6 | N5: {=INDIRECT("'Year "&$B5&"'"&"!bx6")} -> 0 | P5: $50M - $200M | Q5: 0.5
B6: 3 | C6: 0.08 | E6: {=INDIRECT("'Year "&$B6&"'"&"!P5")} -> 275246.19 | F6: {=INDIRECT("'Year "&$B6&"'"&"!P6")} -> 206434.64 | G6: {=INDIRECT("'Year "&$B6&"'"&"!ae5")} -> 530521.28 | H6: {=INDIRECT("'Year "&$B6&"'"&"!ae6")} -> 132630.32 | I6: {=INDIRECT("'Year "&$B6&"'"&"!at5")} -> 627279.79 | J6: {=INDIRECT("'Year "&$B6&"'"&"!at6")} -> 104546.63 | K6: {=INDIRECT("'Year "&$B6&"'"&"!bi5")} -> 821267.73 | L6: {=INDIRECT("'Year "&$B6&"'"&"!bi6")} -> 51329.233 | M6: {=INDIRECT("'Year "&$B6&"'"&"!bx5")} -> 998641.88 | N6: {=INDIRECT("'Year "&$B6&"'"&"!bx6")} -> 0 | P6: $200M - $500M | Q6: 0.6
B7: 4 | C7: 0.08 | E7: {=INDIRECT("'Year "&$B7&"'"&"!P5")} -> 265765.62 | F7: {=INDIRECT("'Year "&$B7&"'"&"!P6")} -> 199324.21 | G7: {=INDIRECT("'Year "&$B7&"'"&"!ae5")} -> 504594.74 | H7: {=INDIRECT("'Year "&$B7&"'"&"!ae6")} -> 126148.69 | I7: {=INDIRECT("'Year "&$B7&"'"&"!at5")} -> 593039.86 | J7: {=INDIRECT("'Year "&$B7&"'"&"!at6")} -> 98839.976 | K7: {=INDIRECT("'Year "&$B7&"'"&"!bi5")} -> 771501.45 | L7: {=INDIRECT("'Year "&$B7&"'"&"!bi6")} -> 48218.84 | M7: {=INDIRECT("'Year "&$B7&"'"&"!bx5")} -> 927801.09 | N7: {=INDIRECT("'Year "&$B7&"'"&"!bx6")} -> 0 | P7: $500M – $1B | Q7: 0.8
B8: 5 | C8: 0.08 | E8: {=INDIRECT("'Year "&$B8&"'"&"!P5")} -> 256611.6 | F8: {=INDIRECT("'Year "&$B8&"'"&"!P6")} -> 192458.7 | G8: {=INDIRECT("'Year "&$B8&"'"&"!ae5")} -> 479935.23 | H8: {=INDIRECT("'Year "&$B8&"'"&"!ae6")} -> 119983.81 | I8: {=INDIRECT("'Year "&$B8&"'"&"!at5")} -> 560668.9 | J8: {=INDIRECT("'Year "&$B8&"'"&"!at6")} -> 93444.817 | K8: {=INDIRECT("'Year "&$B8&"'"&"!bi5")} -> 724750.84 | L8: {=INDIRECT("'Year "&$B8&"'"&"!bi6")} -> 45296.928 | M8: {=INDIRECT("'Year "&$B8&"'"&"!bx5")} -> 861985.54 | N8: {=INDIRECT("'Year "&$B8&"'"&"!bx6")} -> 0 | P8: > $1B | Q8: 1
B9: 6 | C9: 0.04 | E9: {=INDIRECT("'Year "&$B9&"'"&"!P5")} -> 124881.54 | F9: {=INDIRECT("'Year "&$B9&"'"&"!P6")} -> 93661.153 | G9: {=INDIRECT("'Year "&$B9&"'"&"!ae5")} -> 230861 | H9: {=INDIRECT("'Year "&$B9&"'"&"!ae6")} -> 57715.251 | I9: {=INDIRECT("'Year "&$B9&"'"&"!at5")} -> 268441.45 | J9: {=INDIRECT("'Year "&$B9&"'"&"!at6")} -> 44740.242 | K9: {=INDIRECT("'Year "&$B9&"'"&"!bi5")} -> 384684.28 | L9: {=INDIRECT("'Year "&$B9&"'"&"!bi6")} -> 24042.767 | M9: {=INDIRECT("'Year "&$B9&"'"&"!bx5")} -> 408081.73 | N9: {=INDIRECT("'Year "&$B9&"'"&"!bx6")} -> 0
B10: 7 | C10: 0.04 | E10: {=INDIRECT("'Year "&$B10&"'"&"!P5")} -> 122713.56 | F10: {=INDIRECT("'Year "&$B10&"'"&"!P6")} -> 92035.166 | G10: {=INDIRECT("'Year "&$B10&"'"&"!ae5")} -> 225155.15 | H10: {=INDIRECT("'Year "&$B10&"'"&"!ae6")} -> 56288.789 | I10: {=INDIRECT("'Year "&$B10&"'"&"!at5")} -> 261020.81 | J10: {=INDIRECT("'Year "&$B10&"'"&"!at6")} -> 43503.468 | K10: {=INDIRECT("'Year "&$B10&"'"&"!bi5")} -> 372863.36 | L10: {=INDIRECT("'Year "&$B10&"'"&"!bi6")} -> 23303.96 | M10: {=INDIRECT("'Year "&$B10&"'"&"!bx5")} -> 393365.64 | N10: {=INDIRECT("'Year "&$B10&"'"&"!bx6")} -> 0
B11: 8 | C11: 0.04 | E11: {=INDIRECT("'Year "&$B11&"'"&"!P5")} -> 120583.21 | F11: {=INDIRECT("'Year "&$B11&"'"&"!P6")} -> 90437.407 | G11: {=INDIRECT("'Year "&$B11&"'"&"!ae5")} -> 219590.33 | H11: {=INDIRECT("'Year "&$B11&"'"&"!ae6")} -> 54897.582 | I11: {=INDIRECT("'Year "&$B11&"'"&"!at5")} -> 253805.29 | J11: {=INDIRECT("'Year "&$B11&"'"&"!at6")} -> 42300.882 | K11: {=INDIRECT("'Year "&$B11&"'"&"!bi5")} -> 361405.69 | L11: {=INDIRECT("'Year "&$B11&"'"&"!bi6")} -> 22587.856 | M11: {=INDIRECT("'Year "&$B11&"'"&"!bx5")} -> 379180.23 | N11: {=INDIRECT("'Year "&$B11&"'"&"!bx6")} -> 0 | P11: Weighting by Project Phase – Hymple DEX
B12: 9 | C12: 0.04 | E12: {=INDIRECT("'Year "&$B12&"'"&"!P5")} -> 118489.85 | F12: {=INDIRECT("'Year "&$B12&"'"&"!P6")} -> 88867.385 | G12: {=INDIRECT("'Year "&$B12&"'"&"!ae5")} -> 214163.04 | H12: {=INDIRECT("'Year "&$B12&"'"&"!ae6")} -> 53540.76 | I12: {=INDIRECT("'Year "&$B12&"'"&"!at5")} -> 246789.24 | J12: {=INDIRECT("'Year "&$B12&"'"&"!at6")} -> 41131.54 | K12: {=INDIRECT("'Year "&$B12&"'"&"!bi5")} -> 350300.1 | L12: {=INDIRECT("'Year "&$B12&"'"&"!bi6")} -> 21893.756 | M12: {=INDIRECT("'Year "&$B12&"'"&"!bx5")} -> 365506.38 | N12: {=INDIRECT("'Year "&$B12&"'"&"!bx6")} -> 0 | P12: Distribution Criteria | Q12: Launch Phase | R12: Growth Phase | S12: Maturity Phase
B13: 10 | C13: 0.04 | E13: {=INDIRECT("'Year "&$B13&"'"&"!P5")} -> 116432.83 | F13: {=INDIRECT("'Year "&$B13&"'"&"!P6")} -> 87324.619 | G13: {=INDIRECT("'Year "&$B13&"'"&"!ae5")} -> 208869.89 | H13: {=INDIRECT("'Year "&$B13&"'"&"!ae6")} -> 52217.472 | I13: {=INDIRECT("'Year "&$B13&"'"&"!at5")} -> 239967.13 | J13: {=INDIRECT("'Year "&$B13&"'"&"!at6")} -> 39994.522 | K13: {=INDIRECT("'Year "&$B13&"'"&"!bi5")} -> 339535.78 | L13: {=INDIRECT("'Year "&$B13&"'"&"!bi6")} -> 21220.986 | M13: {=INDIRECT("'Year "&$B13&"'"&"!bx5")} -> 352325.62 | N13: {=INDIRECT("'Year "&$B13&"'"&"!bx6")} -> 0 | P13: Trading Volume | Q13: 0.45 | R13: 0.35 | S13: 0.3
B14: 11 | C14: 0.02 | E14: {=INDIRECT("'Year "&$B14&"'"&"!P5")} -> 57435.342 | F14: {=INDIRECT("'Year "&$B14&"'"&"!P6")} -> 43076.507 | G14: {=INDIRECT("'Year "&$B14&"'"&"!ae5")} -> 102437.92 | H14: {=INDIRECT("'Year "&$B14&"'"&"!ae6")} -> 25609.48 | I14: {=INDIRECT("'Year "&$B14&"'"&"!at5")} -> 117416.28 | J14: {=INDIRECT("'Year "&$B14&"'"&"!at6")} -> 19569.381 | K14: {=INDIRECT("'Year "&$B14&"'"&"!bi5")} -> 205434.59 | L14: {=INDIRECT("'Year "&$B14&"'"&"!bi6")} -> 12839.662 | M14: {=INDIRECT("'Year "&$B14&"'"&"!bx5")} -> 171473.36 | N14: {=INDIRECT("'Year "&$B14&"'"&"!bx6")} -> 0 | P14: User Activity | Q14: 0.15 | R14: 0.15 | S14: 0.15
B15: 12 | C15: 0.02 | E15: {=INDIRECT("'Year "&$B15&"'"&"!P5")} -> 56934.794 | F15: {=INDIRECT("'Year "&$B15&"'"&"!P6")} -> 42701.095 | G15: {=INDIRECT("'Year "&$B15&"'"&"!ae5")} -> 101164.75 | H15: {=INDIRECT("'Year "&$B15&"'"&"!ae6")} -> 25291.189 | I15: {=INDIRECT("'Year "&$B15&"'"&"!at5")} -> 115782.96 | J15: {=INDIRECT("'Year "&$B15&"'"&"!at6")} -> 19297.16 | K15: {=INDIRECT("'Year "&$B15&"'"&"!bi5")} -> 202255.81 | L15: {=INDIRECT("'Year "&$B15&"'"&"!bi6")} -> 12640.988 | M15: {=INDIRECT("'Year "&$B15&"'"&"!bx5")} -> 168355.75 | N15: {=INDIRECT("'Year "&$B15&"'"&"!bx6")} -> 0 | P15: Liquidity Provision | Q15: 0.25 | R15: 0.3 | S15: 0.2
B16: 13 | C16: 0.02 | E16: {=INDIRECT("'Year "&$B16&"'"&"!P5")} -> 56438.607 | F16: {=INDIRECT("'Year "&$B16&"'"&"!P6")} -> 42328.955 | G16: {=INDIRECT("'Year "&$B16&"'"&"!ae5")} -> 99907.415 | H16: {=INDIRECT("'Year "&$B16&"'"&"!ae6")} -> 24976.854 | I16: {=INDIRECT("'Year "&$B16&"'"&"!at5")} -> 114172.36 | J16: {=INDIRECT("'Year "&$B16&"'"&"!at6")} -> 19028.727 | K16: {=INDIRECT("'Year "&$B16&"'"&"!bi5")} -> 199126.22 | L16: {=INDIRECT("'Year "&$B16&"'"&"!bi6")} -> 12445.389 | M16: {=INDIRECT("'Year "&$B16&"'"&"!bx5")} -> 165294.82 | N16: {=INDIRECT("'Year "&$B16&"'"&"!bx6")} -> 0 | P16: Token Staking | Q16: 0.05 | R16: 0.05 | S16: 0.2
B17: 14 | C17: 0.02 | E17: {=INDIRECT("'Year "&$B17&"'"&"!P5")} -> 55946.745 | F17: {=INDIRECT("'Year "&$B17&"'"&"!P6")} -> 41960.059 | G17: {=INDIRECT("'Year "&$B17&"'"&"!ae5")} -> 98665.703 | H17: {=INDIRECT("'Year "&$B17&"'"&"!ae6")} -> 24666.426 | I17: {=INDIRECT("'Year "&$B17&"'"&"!at5")} -> 112584.17 | J17: {=INDIRECT("'Year "&$B17&"'"&"!at6")} -> 18764.028 | K17: {=INDIRECT("'Year "&$B17&"'"&"!bi5")} -> 196045.06 | L17: {=INDIRECT("'Year "&$B17&"'"&"!bi6")} -> 12252.816 | M17: {=INDIRECT("'Year "&$B17&"'"&"!bx5")} -> 162289.54 | N17: {=INDIRECT("'Year "&$B17&"'"&"!bx6")} -> 0 | P17: Qualified Interactions | Q17: 0.05 | R17: 0.05 | S17: 0.1
B18: 15 | C18: 0.02 | E18: {=INDIRECT("'Year "&$B18&"'"&"!P5")} -> 55946.745 | F18: {=INDIRECT("'Year "&$B18&"'"&"!P6")} -> 41960.059 | G18: {=INDIRECT("'Year "&$B18&"'"&"!ae5")} -> 98665.703 | H18: {=INDIRECT("'Year "&$B18&"'"&"!ae6")} -> 24666.426 | I18: {=INDIRECT("'Year "&$B18&"'"&"!at5")} -> 112584.17 | J18: {=INDIRECT("'Year "&$B18&"'"&"!at6")} -> 18764.028 | K18: {=INDIRECT("'Year "&$B18&"'"&"!bi5")} -> 196045.06 | L18: {=INDIRECT("'Year "&$B18&"'"&"!bi6")} -> 12252.816 | M18: {=INDIRECT("'Year "&$B18&"'"&"!bx5")} -> 162289.54 | N18: {=INDIRECT("'Year "&$B18&"'"&"!bx6")} -> 0 | P18: Proof of Referral (PoR) | Q18: 0.1 | R18: 0.15 | S18: 0.05
B19: 16 | C19: 0.02 | E19: {=INDIRECT("'Year "&$B19&"'"&"!P5")} -> 0 | F19: {=INDIRECT("'Year "&$B19&"'"&"!P6")} -> 0 | G19: {=INDIRECT("'Year "&$B19&"'"&"!ae5")} -> 0 | H19: {=INDIRECT("'Year "&$B19&"'"&"!ae6")} -> 0 | I19: {=INDIRECT("'Year "&$B19&"'"&"!at5")} -> 0 | J19: {=INDIRECT("'Year "&$B19&"'"&"!at6")} -> 0 | K19: {=INDIRECT("'Year "&$B19&"'"&"!bi5")} -> 0 | L19: {=INDIRECT("'Year "&$B19&"'"&"!bi6")} -> 0 | M19: {=INDIRECT("'Year "&$B19&"'"&"!bx5")} -> 0 | N19: {=INDIRECT("'Year "&$B19&"'"&"!bx6")} -> 0 | P19: Loyalty & Retention (Bonus) | Q19: 0.05 | R19: 0.05 | S19: 0.1
B20: 17 | C20: 0.02 | E20: {=INDIRECT("'Year "&$B20&"'"&"!P5")} -> 0 | F20: {=INDIRECT("'Year "&$B20&"'"&"!P6")} -> 0 | G20: {=INDIRECT("'Year "&$B20&"'"&"!ae5")} -> 0 | H20: {=INDIRECT("'Year "&$B20&"'"&"!ae6")} -> 0 | I20: {=INDIRECT("'Year "&$B20&"'"&"!at5")} -> 0 | J20: {=INDIRECT("'Year "&$B20&"'"&"!at6")} -> 0 | K20: {=INDIRECT("'Year "&$B20&"'"&"!bi5")} -> 0 | L20: {=INDIRECT("'Year "&$B20&"'"&"!bi6")} -> 0 | M20: {=INDIRECT("'Year "&$B20&"'"&"!bx5")} -> 0 | N20: {=INDIRECT("'Year "&$B20&"'"&"!bx6")} -> 0 | P20: Total | Q20: =SUM(Q13:Q19) -> 1.1 | R20: =SUM(R13:R19) -> 1.1 | S20: =SUM(S13:S19) -> 1.1
B21: 18 | C21: 0.02 | E21: {=INDIRECT("'Year "&$B21&"'"&"!P5")} -> 0 | F21: {=INDIRECT("'Year "&$B21&"'"&"!P6")} -> 0 | G21: {=INDIRECT("'Year "&$B21&"'"&"!ae5")} -> 0 | H21: {=INDIRECT("'Year "&$B21&"'"&"!ae6")} -> 0 | I21: {=INDIRECT("'Year "&$B21&"'"&"!at5")} -> 0 | J21: {=INDIRECT("'Year "&$B21&"'"&"!at6")} -> 0 | K21: {=INDIRECT("'Year "&$B21&"'"&"!bi5")} -> 0 | L21: {=INDIRECT("'Year "&$B21&"'"&"!bi6")} -> 0 | M21: {=INDIRECT("'Year "&$B21&"'"&"!bx5")} -> 0 | N21: {=INDIRECT("'Year "&$B21&"'"&"!bx6")} -> 0
B22: 19 | C22: 0.02 | E22: {=INDIRECT("'Year "&$B22&"'"&"!P5")} -> 0 | F22: {=INDIRECT("'Year "&$B22&"'"&"!P6")} -> 0 | G22: {=INDIRECT("'Year "&$B22&"'"&"!ae5")} -> 0 | H22: {=INDIRECT("'Year "&$B22&"'"&"!ae6")} -> 0 | I22: {=INDIRECT("'Year "&$B22&"'"&"!at5")} -> 0 | J22: {=INDIRECT("'Year "&$B22&"'"&"!at6")} -> 0 | K22: {=INDIRECT("'Year "&$B22&"'"&"!bi5")} -> 0 | L22: {=INDIRECT("'Year "&$B22&"'"&"!bi6")} -> 0 | M22: {=INDIRECT("'Year "&$B22&"'"&"!bx5")} -> 0 | N22: {=INDIRECT("'Year "&$B22&"'"&"!bx6")} -> 0
B23: 20 | C23: 0.02 | E23: {=INDIRECT("'Year "&$B23&"'"&"!P5")} -> 0 | F23: {=INDIRECT("'Year "&$B23&"'"&"!P6")} -> 0 | G23: {=INDIRECT("'Year "&$B23&"'"&"!ae5")} -> 0 | H23: {=INDIRECT("'Year "&$B23&"'"&"!ae6")} -> 0 | I23: {=INDIRECT("'Year "&$B23&"'"&"!at5")} -> 0 | J23: {=INDIRECT("'Year "&$B23&"'"&"!at6")} -> 0 | K23: {=INDIRECT("'Year "&$B23&"'"&"!bi5")} -> 0 | L23: {=INDIRECT("'Year "&$B23&"'"&"!bi6")} -> 0 | M23: {=INDIRECT("'Year "&$B23&"'"&"!bx5")} -> 0 | N23: {=INDIRECT("'Year "&$B23&"'"&"!bx6")} -> 0
B24: 21 | C24: 0.02 | E24: {=INDIRECT("'Year "&$B24&"'"&"!P5")} -> 0 | F24: {=INDIRECT("'Year "&$B24&"'"&"!P6")} -> 0 | G24: {=INDIRECT("'Year "&$B24&"'"&"!ae5")} -> 0 | H24: {=INDIRECT("'Year "&$B24&"'"&"!ae6")} -> 0 | I24: {=INDIRECT("'Year "&$B24&"'"&"!at5")} -> 0 | J24: {=INDIRECT("'Year "&$B24&"'"&"!at6")} -> 0 | K24: {=INDIRECT("'Year "&$B24&"'"&"!bi5")} -> 0 | L24: {=INDIRECT("'Year "&$B24&"'"&"!bi6")} -> 0 | M24: {=INDIRECT("'Year "&$B24&"'"&"!bx5")} -> 0 | N24: {=INDIRECT("'Year "&$B24&"'"&"!bx6")} -> 0
B25: 22 | C25: 0.02 | E25: {=INDIRECT("'Year "&$B25&"'"&"!P5")} -> 0 | F25: {=INDIRECT("'Year "&$B25&"'"&"!P6")} -> 0 | G25: {=INDIRECT("'Year "&$B25&"'"&"!ae5")} -> 0 | H25: {=INDIRECT("'Year "&$B25&"'"&"!ae6")} -> 0 | I25: {=INDIRECT("'Year "&$B25&"'"&"!at5")} -> 0 | J25: {=INDIRECT("'Year "&$B25&"'"&"!at6")} -> 0 | K25: {=INDIRECT("'Year "&$B25&"'"&"!bi5")} -> 0 | L25: {=INDIRECT("'Year "&$B25&"'"&"!bi6")} -> 0 | M25: {=INDIRECT("'Year "&$B25&"'"&"!bx5")} -> 0 | N25: {=INDIRECT("'Year "&$B25&"'"&"!bx6")} -> 0
B26: 23 | C26: 0.02 | E26: {=INDIRECT("'Year "&$B26&"'"&"!P5")} -> 0 | F26: {=INDIRECT("'Year "&$B26&"'"&"!P6")} -> 0 | G26: {=INDIRECT("'Year "&$B26&"'"&"!ae5")} -> 0 | H26: {=INDIRECT("'Year "&$B26&"'"&"!ae6")} -> 0 | I26: {=INDIRECT("'Year "&$B26&"'"&"!at5")} -> 0 | J26: {=INDIRECT("'Year "&$B26&"'"&"!at6")} -> 0 | K26: {=INDIRECT("'Year "&$B26&"'"&"!bi5")} -> 0 | L26: {=INDIRECT("'Year "&$B26&"'"&"!bi6")} -> 0 | M26: {=INDIRECT("'Year "&$B26&"'"&"!bx5")} -> 0 | N26: {=INDIRECT("'Year "&$B26&"'"&"!bx6")} -> 0
B27: 24 | C27: 0.02 | E27: {=INDIRECT("'Year "&$B27&"'"&"!P5")} -> 0 | F27: {=INDIRECT("'Year "&$B27&"'"&"!P6")} -> 0 | G27: {=INDIRECT("'Year "&$B27&"'"&"!ae5")} -> 0 | H27: {=INDIRECT("'Year "&$B27&"'"&"!ae6")} -> 0 | I27: {=INDIRECT("'Year "&$B27&"'"&"!at5")} -> 0 | J27: {=INDIRECT("'Year "&$B27&"'"&"!at6")} -> 0 | K27: {=INDIRECT("'Year "&$B27&"'"&"!bi5")} -> 0 | L27: {=INDIRECT("'Year "&$B27&"'"&"!bi6")} -> 0 | M27: {=INDIRECT("'Year "&$B27&"'"&"!bx5")} -> 0 | N27: {=INDIRECT("'Year "&$B27&"'"&"!bx6")} -> 0
B28: 25 | C28: 0.02 | E28: {=INDIRECT("'Year "&$B28&"'"&"!P5")} -> 0 | F28: {=INDIRECT("'Year "&$B28&"'"&"!P6")} -> 0 | G28: {=INDIRECT("'Year "&$B28&"'"&"!ae5")} -> 0 | H28: {=INDIRECT("'Year "&$B28&"'"&"!ae6")} -> 0 | I28: {=INDIRECT("'Year "&$B28&"'"&"!at5")} -> 0 | J28: {=INDIRECT("'Year "&$B28&"'"&"!at6")} -> 0 | K28: {=INDIRECT("'Year "&$B28&"'"&"!bi5")} -> 0 | L28: {=INDIRECT("'Year "&$B28&"'"&"!bi6")} -> 0 | M28: {=INDIRECT("'Year "&$B28&"'"&"!bx5")} -> 0 | N28: {=INDIRECT("'Year "&$B28&"'"&"!bx6")} -> 0
B29: 26 | C29: 0.02 | E29: {=INDIRECT("'Year "&$B29&"'"&"!P5")} -> 0 | F29: {=INDIRECT("'Year "&$B29&"'"&"!P6")} -> 0 | G29: {=INDIRECT("'Year "&$B29&"'"&"!ae5")} -> 0 | H29: {=INDIRECT("'Year "&$B29&"'"&"!ae6")} -> 0 | I29: {=INDIRECT("'Year "&$B29&"'"&"!at5")} -> 0 | J29: {=INDIRECT("'Year "&$B29&"'"&"!at6")} -> 0 | K29: {=INDIRECT("'Year "&$B29&"'"&"!bi5")} -> 0 | L29: {=INDIRECT("'Year "&$B29&"'"&"!bi6")} -> 0 | M29: {=INDIRECT("'Year "&$B29&"'"&"!bx5")} -> 0 | N29: {=INDIRECT("'Year "&$B29&"'"&"!bx6")} -> 0
B30: 27 | C30: 0.02 | E30: {=INDIRECT("'Year "&$B30&"'"&"!P5")} -> 0 | F30: {=INDIRECT("'Year "&$B30&"'"&"!P6")} -> 0 | G30: {=INDIRECT("'Year "&$B30&"'"&"!ae5")} -> 0 | H30: {=INDIRECT("'Year "&$B30&"'"&"!ae6")} -> 0 | I30: {=INDIRECT("'Year "&$B30&"'"&"!at5")} -> 0 | J30: {=INDIRECT("'Year "&$B30&"'"&"!at6")} -> 0 | K30: {=INDIRECT("'Year "&$B30&"'"&"!bi5")} -> 0 | L30: {=INDIRECT("'Year "&$B30&"'"&"!bi6")} -> 0 | M30: {=INDIRECT("'Year "&$B30&"'"&"!bx5")} -> 0 | N30: {=INDIRECT("'Year "&$B30&"'"&"!bx6")} -> 0
B31: 28 | C31: 0.02 | E31: {=INDIRECT("'Year "&$B31&"'"&"!P5")} -> 0 | F31: {=INDIRECT("'Year "&$B31&"'"&"!P6")} -> 0 | G31: {=INDIRECT("'Year "&$B31&"'"&"!ae5")} -> 0 | H31: {=INDIRECT("'Year "&$B31&"'"&"!ae6")} -> 0 | I31: {=INDIRECT("'Year "&$B31&"'"&"!at5")} -> 0 | J31: {=INDIRECT("'Year "&$B31&"'"&"!at6")} -> 0 | K31: {=INDIRECT("'Year "&$B31&"'"&"!bi5")} -> 0 | L31: {=INDIRECT("'Year "&$B31&"'"&"!bi6")} -> 0 | M31: {=INDIRECT("'Year "&$B31&"'"&"!bx5")} -> 0 | N31: {=INDIRECT("'Year "&$B31&"'"&"!bx6")} -> 0
B32: 29 | C32: 0.02 | E32: {=INDIRECT("'Year "&$B32&"'"&"!P5")} -> 0 | F32: {=INDIRECT("'Year "&$B32&"'"&"!P6")} -> 0 | G32: {=INDIRECT("'Year "&$B32&"'"&"!ae5")} -> 0 | H32: {=INDIRECT("'Year "&$B32&"'"&"!ae6")} -> 0 | I32: {=INDIRECT("'Year "&$B32&"'"&"!at5")} -> 0 | J32: {=INDIRECT("'Year "&$B32&"'"&"!at6")} -> 0 | K32: {=INDIRECT("'Year "&$B32&"'"&"!bi5")} -> 0 | L32: {=INDIRECT("'Year "&$B32&"'"&"!bi6")} -> 0 | M32: {=INDIRECT("'Year "&$B32&"'"&"!bx5")} -> 0 | N32: {=INDIRECT("'Year "&$B32&"'"&"!bx6")} -> 0
... B53: 50 | C53: 0.02 | E53: {=INDIRECT("'Year "&$B53&"'"&"!P5")} -> 0 | F53: {=INDIRECT("'Year "&$B53&"'"&"!P6")} -> 0 | G53: {=INDIRECT("'Year "&$B53&"'"&"!ae5")} -> 0 | H53: {=INDIRECT("'Year "&$B53&"'"&"!ae6")} -> 0 | I53: {=INDIRECT("'Year "&$B53&"'"&"!at5")} -> 0 | J53: {=INDIRECT("'Year "&$B53&"'"&"!at6")} -> 0 | K53: {=INDIRECT("'Year "&$B53&"'"&"!bi5")} -> 0 | L53: {=INDIRECT("'Year "&$B53&"'"&"!bi6")} -> 0 | M53: {=INDIRECT("'Year "&$B53&"'"&"!bx5")} -> 0 | N53: {=INDIRECT("'Year "&$B53&"'"&"!bx6")} -> 0

Sheet Year 1
D1: 15000000 | E1: =D1-(D5+D6) -> 14956250 | F1: =E1-(E5+E6) -> 14912628 | G1: =F1-(F5+F6) -> 14869132 | H1: =G1-(G5+G6) -> 14825764 | I1: =H1-(H5+H6) -> 14782522 | J1: =I1-(I5+I6) -> 14739407 | K1: =J1-(J5+J6) -> 14696417 | L1: =K1-(K5+K6) -> 14653552 | ... P1: =O1-(O5+O6) -> 14483341 | S1: 15000000 | T1: =S1-(S5+S6) -> 14937500 | U1: =T1-(T5+T6) -> 14875260 | V1: =U1-(U5+U6) -> 14813280 | W1: =V1-(V5+V6) -> 14751558 | X1: =W1-(W5+W6) -> 14690093 | Y1: =X1-(X5+X6) -> 14628885 | Z1: =Y1-(Y5+Y6) -> 14567931 | AA1: =Z1-(Z5+Z6) -> 14507231 | ... AE1: =AD1-(AD5+AD6) -> 14266951 | AH1: 15000000 | AI1: =AH1-(AH5+AH6) -> 14930000 | AJ1: =AI1-(AI5+AI6) -> 14860327 | AK1: =AJ1-(AJ5+AJ6) -> 14790978 | AL1: =AK1-(AK5+AK6) -> 14721954 | AM1: =AL1-(AL5+AL6) -> 14653251 | AN1: =AM1-(AM5+AM6) -> 14584870 | AO1: =AN1-(AN5+AN6) -> 14516807 | AP1: =AO1-(AO5+AO6) -> 14449062 | ... AT1: =AS1-(AS5+AS6) -> 14181228 | AW1: 15000000 | AX1: =AW1-(AW5+AW6) -> 14915000 | AY1: =AX1-(AX5+AX6) -> 14830482 | AZ1: =AY1-(AY5+AY6) -> 14746442 | BA1: =AZ1-(AZ5+AZ6) -> 14662879 | BB1: =BA1-(BA5+BA6) -> 14579789 | BC1: =BB1-(BB5+BB6) -> 14497171 | BD1: =BC1-(BC5+BC6) -> 14415020 | BE1: =BD1-(BD5+BD6) -> 14333335 | ... BI1: =BH1-(BH5+BH6) -> 14011197 | BL1: 15000000 | BM1: =BL1-(BL5+BL6) -> 14900000 | BN1: =BM1-(BM5+BM6) -> 14800667 | BO1: =BN1-(BN5+BN6) -> 14701996 | BP1: =BO1-(BO5+BO6) -> 14603982 | BQ1: =BP1-(BP5+BP6) -> 14506622 | BR1: =BQ1-(BQ5+BQ6) -> 14409912 | BS1: =BR1-(BR5+BR6) -> 14313845 | BT1: =BS1-(BS5+BS6) -> 14218420 | ... BX1: =BW1-(BW5+BW6) -> 13843037
A2: 1 | B2: Burn | C2: Volume <= $50M | R2: Volume $50M - $200M | AG2: Volume $200M - $500M | AV2: Volume $500M – $1B | BK2: Volume > $1B
B3: =Simulations!$B$1 -> 0.25 | C3: 0.25 | D3: Jan | E3: Feb | F3: Mar | G3: Apr | H3: May | I3: Jun | J3: Jul | K3: Aug | L3: Sep | M3: Oct | N3: Nov | O3: Dec | P3: Remaining | R3: 0.5 | S3: Jan | T3: Feb | U3: Mar | V3: Apr | W3: May | X3: Jun | Y3: Jul | Z3: Aug | AA3: Sep | AB3: Oct | AC3: Nov | AD3: Dec | AE3: Remaining | AG3: 0.6 | AH3: Jan | AI3: Feb | AJ3: Mar | AK3: Apr | AL3: May | AM3: Jun | AN3: Jul | AO3: Aug | AP3: Sep | AQ3: Oct | AR3: Nov | AS3: Dec | AT3: Remaining | AV3: 0.8 | AW3: Jan | AX3: Feb | AY3: Mar | AZ3: Apr | BA3: May | BB3: Jun | BC3: Jul | BD3: Aug | BE3: Sep | BF3: Oct | BG3: Nov | BH3: Dec | BI3: Remaining | BK3: 1 | BL3: Jan | BM3: Feb | BN3: Mar | BO3: Apr | BP3: May | BQ3: Jun | BR3: Jul | BS3: Aug | BT3: Sep | BU3: Oct | BV3: Nov | BW3: Dec | BX3: Remaining
C4: Monthly maximum | D4: {=INDIRECT("Simulations!$c$"&$A$2+3)*(D1/12)} -> 100000 | E4: {=INDIRECT("Simulations!$c$"&$A$2+3)*(E1/12)} -> 99708.333 | F4: {=INDIRECT("Simulations!$c$"&$A$2+3)*(F1/12)} -> 99417.517 | G4: {=INDIRECT("Simulations!$c$"&$A$2+3)*(G1/12)} -> 99127.55 | H4: {=INDIRECT("Simulations!$c$"&$A$2+3)*(H1/12)} -> 98838.428 | I4: {=INDIRECT("Simulations!$c$"&$A$2+3)*(I1/12)} -> 98550.149 | J4: {=INDIRECT("Simulations!$c$"&$A$2+3)*(J1/12)} -> 98262.711 | K4: {=INDIRECT("Simulations!$c$"&$A$2+3)*(K1/12)} -> 97976.111 | ... O4: {=INDIRECT("Simulations!$c$"&$A$2+3)*(O1/12)} -> 96838.048 | P4: =Simulations!$D$1-($P$5+$P$6) -> 14483341 | R4: Monthly maximum | S4: {=INDIRECT("Simulations!$c$"&$A$2+3)*(S1/12)} -> 100000 | T4: {=(INDIRECT("Simulations!$c$"&$A$2+3)*(T1/12))} -> 99583.333 | U4: {=(INDIRECT("Simulations!$c$"&$A$2+3)*(U1/12))} -> 99168.403 | V4: {=(INDIRECT("Simulations!$c$"&$A$2+3)*(V1/12))} -> 98755.201 | W4: {=(INDIRECT("Simulations!$c$"&$A$2+3)*(W1/12))} -> 98343.721 | X4: {=(INDIRECT("Simulations!$c$"&$A$2+3)*(X1/12))} -> 97933.956 | Y4: {=(INDIRECT("Simulations!$c$"&$A$2+3)*(Y1/12))} -> 97525.897 | Z4: {=(INDIRECT("Simulations!$c$"&$A$2+3)*(Z1/12))} -> 97119.54 | AA4: {=(INDIRECT("Simulations!$c$"&$A$2+3)*(AA1/12))} -> 96714.875 | ... AD4: {=(INDIRECT("Simulations!$c$"&$A$2+3)*(AD1/12))} -> 95510.969 | AE4: =Simulations!$D$1-($AE$5+$AE$6) -> 14266951 | AG4: Monthly maximum | AH4: {=INDIRECT("Simulations!$c$"&$A$2+3)*(AH1/12)} -> 100000 | AI4: {=INDIRECT("Simulations!$c$"&$A$2+3)*(AI1/12)} -> 99533.333 | AJ4: {=INDIRECT("Simulations!$c$"&$A$2+3)*(AJ1/12)} -> 99068.844 | AK4: {=INDIRECT("Simulations!$c$"&$A$2+3)*(AK1/12)} -> 98606.523 | AL4: {=INDIRECT("Simulations!$c$"&$A$2+3)*(AL1/12)} -> 98146.359 | AM4: {=INDIRECT("Simulations!$c$"&$A$2+3)*(AM1/12)} -> 97688.343 | AN4: {=INDIRECT("Simulations!$c$"&$A$2+3)*(AN1/12)} -> 97232.464 | AO4: {=INDIRECT("Simulations!$c$"&$A$2+3)*(AO1/12)} -> 96778.713 | ... AS4: {=INDIRECT("Simulations!$c$"&$A$2+3)*(AS1/12)} -> 94984.783 | AT4: =Simulations!$D$1-($AT$5+$AT$6) -> 14181228 | AV4: Monthly maximum | AW4: 100000 | AX4: {=(INDIRECT("Simulations!$c$"&$A$2+3)*(AX1/12))} -> 99433.333 | AY4: {=(INDIRECT("Simulations!$c$"&$A$2+3)*(AY1/12))} -> 98869.878 | AZ4: {=(INDIRECT("Simulations!$c$"&$A$2+3)*(AZ1/12))} -> 98309.615 | BA4: {=(INDIRECT("Simulations!$c$"&$A$2+3)*(BA1/12))} -> 97752.527 | BB4: {=(INDIRECT("Simulations!$c$"&$A$2+3)*(BB1/12))} -> 97198.596 | BC4: {=(INDIRECT("Simulations!$c$"&$A$2+3)*(BC1/12))} -> 96647.804 | BD4: {=(INDIRECT("Simulations!$c$"&$A$2+3)*(BD1/12))} -> 96100.133 | BE4: {=(INDIRECT("Simulations!$c$"&$A$2+3)*(BE1/12))} -> 95555.566 | ... BH4: {=(INDIRECT("Simulations!$c$"&$A$2+3)*(BH1/12))} -> 93940.309 | BI4: =Simulations!$D$1-($BI$5+$BI$6) -> 14011197 | BK4: Monthly maximum | BL4: {=INDIRECT("Simulations!$c$"&$A$2+3)*Simulations!$D$1/12} -> 100000 | BM4: {=INDIRECT("Simulations!$c$"&$A$2+3)*(BM1/12)} -> 99333.333 | BN4: {=INDIRECT("Simulations!$c$"&$A$2+3)*(BN1/12)} -> 98671.111 | BO4: {=INDIRECT("Simulations!$c$"&$A$2+3)*(BO1/12)} -> 98013.304 | BP4: {=INDIRECT("Simulations!$c$"&$A$2+3)*(BP1/12)} -> 97359.882 | BQ4: {=INDIRECT("Simulations!$c$"&$A$2+3)*(BQ1/12)} -> 96710.816 | BR4: {=INDIRECT("Simulations!$c$"&$A$2+3)*(BR1/12)} -> 96066.077 | BS4: {=INDIRECT("Simulations!$c$"&$A$2+3)*(BS1/12)} -> 95425.637 | BT4: {=INDIRECT("Simulations!$c$"&$A$2+3)*(BT1/12)} -> 94789.466 | ... BW4: {=INDIRECT("Simulations!$c$"&$A$2+3)*(BW1/12)} -> 92906.287 | BX4: =Simulations!$D$1-($BX$5+$BX$6) -> 13843037
C5: Total Distributed | D5: =$C$3*D4 -> 25000 | E5: =$C$3*E4 -> 24927.083 | F5: =$C$3*F4 -> 24854.379 | G5: =$C$3*G4 -> 24781.887 | H5: =$C$3*H4 -> 24709.607 | I5: =$C$3*I4 -> 24637.537 | J5: =$C$3*J4 -> 24565.678 | K5: =$C$3*K4 -> 24494.028 | ... O5: =$C$3*O4 -> 24209.512 | P5: =SUM(D5:O5) -> 295233.98 | R5: Total Distributed | S5: =$R$3*S4 -> 50000 | T5: =$R$3*T4 -> 49791.667 | U5: =$R$3*U4 -> 49584.201 | V5: =$R$3*V4 -> 49377.601 | W5: =$R$3*W4 -> 49171.861 | X5: =$R$3*X4 -> 48966.978 | Y5: =$R$3*Y4 -> 48762.949 | Z5: =$R$3*Z4 -> 48559.77 | ... AD5: =$R$3*AD4 -> 47755.485 | AE5: =SUM(S5:AD5) -> 586439.19 | AG5: Total Distributed | AH5: =$AG$3*AH4 -> 60000 | AI5: =$AG$3*AI4 -> 59720 | AJ5: =$AG$3*AJ4 -> 59441.307 | AK5: =$AG$3*AK4 -> 59163.914 | AL5: =$AG$3*AL4 -> 58887.816 | AM5: =$AG$3*AM4 -> 58613.006 | AN5: =$AG$3*AN4 -> 58339.478 | AO5: =$AG$3*AO4 -> 58067.228 | ... AS5: =$AG$3*AS4 -> 56990.87 | AT5: =SUM(AH5:AS5) -> 701804.47 | AV5: Total Distributed | AW5: =$AV$3*AW4 -> 80000 | AX5: =$AV$3*AX4 -> 79546.667 | AY5: =$AV$3*AY4 -> 79095.902 | AZ5: =$AV$3*AZ4 -> 78647.692 | BA5: =$AV$3*BA4 -> 78202.022 | BB5: =$AV$3*BB4 -> 77758.877 | BC5: =$AV$3*BC4 -> 77318.243 | BD5: =$AV$3*BD4 -> 76880.107 | ... BH5: =$AV$3*BH4 -> 75152.247 | BI5: =SUM(AW5:BH5) -> 930638.01 | BK5: Total Distributed | BL5: =$BK$3*BL4 -> 100000 | BM5: =$BK$3*BM4 -> 99333.333 | BN5: =$BK$3*BN4 -> 98671.111 | BO5: =$BK$3*BO4 -> 98013.304 | BP5: =$BK$3*BP4 -> 97359.882 | BQ5: =$BK$3*BQ4 -> 96710.816 | BR5: =$BK$3*BR4 -> 96066.077 | BS5: =$BK$3*BS4 -> 95425.637 | ... BW5: =$BK$3*BW4 -> 92906.287 | BX5: =SUM(BL5:BW5) -> 1156963.3
C6: Total Burned | D6: =$B$3*(D4-D5) -> 18750 | E6: =$B$3*(E4-E5) -> 18695.312 | F6: =$B$3*(F4-F5) -> 18640.785 | G6: =$B$3*(G4-G5) -> 18586.416 | H6: =$B$3*(H4-H5) -> 18532.205 | I6: =$B$3*(I4-I5) -> 18478.153 | J6: =$B$3*(J4-J5) -> 18424.258 | K6: =$B$3*(K4-K5) -> 18370.521 | ... O6: =$B$3*(O4-O5) -> 18157.134 | P6: =SUM(D6:O6) -> 221425.49 | R6: Total Burned | S6: =$B$3*(S4-S5) -> 12500 | T6: =$B$3*(T4-T5) -> 12447.917 | U6: =$B$3*(U4-U5) -> 12396.05 | V6: =$B$3*(V4-V5) -> 12344.4 | W6: =$B$3*(W4-W5) -> 12292.965 | X6: =$B$3*(X4-X5) -> 12241.744 | Y6: =$B$3*(Y4-Y5) -> 12190.737 | Z6: =$B$3*(Z4-Z5) -> 12139.942 | ... AD6: =$B$3*(AD4-AD5) -> 11938.871 | AE6: =SUM(S6:AD6) -> 146609.8 | AG6: Total Burned | AH6: =$B$3*(AH4-AH5) -> 10000 | AI6: =$B$3*(AI4-AI5) -> 9953.3333 | AJ6: =$B$3*(AJ4-AJ5) -> 9906.8844 | AK6: =$B$3*(AK4-AK5) -> 9860.6523 | AL6: =$B$3*(AL4-AL5) -> 9814.6359 | AM6: =$B$3*(AM4-AM5) -> 9768.8343 | AN6: =$B$3*(AN4-AN5) -> 9723.2464 | AO6: =$B$3*(AO4-AO5) -> 9677.8713 | ... AS6: =$B$3*(AS4-AS5) -> 9498.4783 | AT6: =SUM(AH6:AS6) -> 116967.41 | AV6: Total Burned | AW6: =$B$3*(AW4-AW5) -> 5000 | AX6: =$B$3*(AX4-AX5) -> 4971.6667 | AY6: =$B$3*(AY4-AY5) -> 4943.4939 | AZ6: =$B$3*(AZ4-AZ5) -> 4915.4808 | BA6: =$B$3*(BA4-BA5) -> 4887.6264 | BB6: =$B$3*(BB4-BB5) -> 4859.9298 | BC6: =$B$3*(BC4-BC5) -> 4832.3902 | BD6: =$B$3*(BD4-BD5) -> 4805.0067 | ... BH6: =$B$3*(BH4-BH5) -> 4697.0155 | BI6: =SUM(AW6:BH6) -> 58164.876 | BK6: Total Burned | BL6: =$B$3*(BL4-BL5) -> 0 | BM6: =$B$3*(BM4-BM5) -> 0 | BN6: =$B$3*(BN4-BN5) -> 0 | BO6: =$B$3*(BO4-BO5) -> 0 | BP6: =$B$3*(BP4-BP5) -> 0 | BQ6: =$B$3*(BQ4-BQ5) -> 0 | BR6: =$B$3*(BR4-BR5) -> 0 | BS6: =$B$3*(BS4-BS5) -> 0 | ... BW6: =$B$3*(BW4-BW5) -> 0 | BX6: =SUM(BL6:BW6) -> 0
A7: User | B7: User Score | C7: Pool Participation | D7: User Receives | E7: User Receives | F7: User Receives | G7: User Receives | H7: User Receives | I7: User Receives | J7: User Receives | K7: User Receives | L7: User Receives | M7: User Receives | N7: User Receives | O7: User Receives | S7: User Receives | T7: User Receives | U7: User Receives | V7: User Receives | W7: User Receives | X7: User Receives | Y7: User Receives | Z7: User Receives | AA7: User Receives | AB7: User Receives | AC7: User Receives | AD7: User Receives | AH7: User Receives | AI7: User Receives | AJ7: User Receives | AK7: User Receives | AL7: User Receives | AM7: User Receives | AN7: User Receives | AO7: User Receives | AP7: User Receives | AQ7: User Receives | AR7: User Receives | AS7: User Receives | AW7: User Receives | AX7: User Receives | AY7: User Receives | AZ7: User Receives | BA7: User Receives | BB7: User Receives | BC7: User Receives | BD7: User Receives | BE7: User Receives | BF7: User Receives | BG7: User Receives | BH7: User Receives | BL7: User Receives | BM7: User Receives | BN7: User Receives | BO7: User Receives | BP7: User Receives | BQ7: User Receives | BR7: User Receives | BS7: User Receives | BT7: User Receives | BU7: User Receives | BV7: User Receives | BW7: User Receives
A8: 1 | B8: 1.1 | C8: =B8/SUM($B$8:$B$107) -> 0.019321974 | D8: =IF($C8*D$5>(5%*D$5),(5%*D$5)*$B8,$C8*D$5) -> 483.04936 | E8: =IF($C8*E$5>(5%*E$5),(5%*E$5)*$B8,$C8*E$5) -> 481.64046 | F8: =IF($C8*F$5>(5%*F$5),(5%*F$5)*$B8,$C8*F$5) -> 480.23568 | G8: =IF($C8*G$5>(5%*G$5),(5%*G$5)*$B8,$C8*G$5) -> 478.83499 | H8: =IF($C8*H$5>(5%*H$5),(5%*H$5)*$B8,$C8*H$5) -> 477.43839 | I8: =IF($C8*I$5>(5%*I$5),(5%*I$5)*$B8,$C8*I$5) -> 476.04586 | J8: =IF($C8*J$5>(5%*J$5),(5%*J$5)*$B8,$C8*J$5) -> 474.6574 | K8: =IF($C8*K$5>(5%*K$5),(5%*K$5)*$B8,$C8*K$5) -> 473.27298 | ... O8: =IF($C8*O$5>(5%*O$5),(5%*O$5)*$B8,$C8*O$5) -> 467.77557 | S8: =IF($C8*S$5>(5%*S$5),(5%*S$5)*$B8,$C8*S$5) -> 966.09872 | T8: =IF($C8*T$5>(5%*T$5),(5%*T$5)*$B8,$C8*T$5) -> 962.07331 | U8: =IF($C8*U$5>(5%*U$5),(5%*U$5)*$B8,$C8*U$5) -> 958.06467 | V8: =IF($C8*V$5>(5%*V$5),(5%*V$5)*$B8,$C8*V$5) -> 954.07273 | W8: =IF($C8*W$5>(5%*W$5),(5%*W$5)*$B8,$C8*W$5) -> 950.09743 | X8: =IF($C8*X$5>(5%*X$5),(5%*X$5)*$B8,$C8*X$5) -> 946.13869 | Y8: =IF($C8*Y$5>(5%*Y$5),(5%*Y$5)*$B8,$C8*Y$5) -> 942.19644 | Z8: =IF($C8*Z$5>(5%*Z$5),(5%*Z$5)*$B8,$C8*Z$5) -> 938.27063 | ... AD8: =IF($C8*AD$5>(5%*AD$5),(5%*AD$5)*$B8,$C8*AD$5) -> 922.73025 | AH8: =IF($C8*AH$5>(5%*AH$5),(5%*AH$5)*$B8,$C8*AH$5) -> 1159.3185 | AI8: =IF($C8*AI$5>(5%*AI$5),(5%*AI$5)*$B8,$C8*AI$5) -> 1153.9083 | AJ8: =IF($C8*AJ$5>(5%*AJ$5),(5%*AJ$5)*$B8,$C8*AJ$5) -> 1148.5234 | AK8: =IF($C8*AK$5>(5%*AK$5),(5%*AK$5)*$B8,$C8*AK$5) -> 1143.1636 | AL8: =IF($C8*AL$5>(5%*AL$5),(5%*AL$5)*$B8,$C8*AL$5) -> 1137.8289 | AM8: =IF($C8*AM$5>(5%*AM$5),(5%*AM$5)*$B8,$C8*AM$5) -> 1132.519 | AN8: =IF($C8*AN$5>(5%*AN$5),(5%*AN$5)*$B8,$C8*AN$5) -> 1127.2339 | AO8: =IF($C8*AO$5>(5%*AO$5),(5%*AO$5)*$B8,$C8*AO$5) -> 1121.9735 | ... AS8: =IF($C8*AS$5>(5%*AS$5),(5%*AS$5)*$B8,$C8*AS$5) -> 1101.1761 | AW8: =IF($C8*AW$5>(5%*AW$5),(5%*AW$5)*$B8,$C8*AW$5) -> 1545.7579 | AX8: =IF($C8*AX$5>(5%*AX$5),(5%*AX$5)*$B8,$C8*AX$5) -> 1536.9987 | AY8: =IF($C8*AY$5>(5%*AY$5),(5%*AY$5)*$B8,$C8*AY$5) -> 1528.289 | AZ8: =IF($C8*AZ$5>(5%*AZ$5),(5%*AZ$5)*$B8,$C8*AZ$5) -> 1519.6287 | BA8: =IF($C8*BA$5>(5%*BA$5),(5%*BA$5)*$B8,$C8*BA$5) -> 1511.0175 | BB8: =IF($C8*BB$5>(5%*BB$5),(5%*BB$5)*$B8,$C8*BB$5) -> 1502.455 | BC8: =IF($C8*BC$5>(5%*BC$5),(5%*BC$5)*$B8,$C8*BC$5) -> 1493.9411 | BD8: =IF($C8*BD$5>(5%*BD$5),(5%*BD$5)*$B8,$C8*BD$5) -> 1485.4755 | ... BH8: =IF($C8*BH$5>(5%*BH$5),(5%*BH$5)*$B8,$C8*BH$5) -> 1452.0898 | BL8: =IF($C8*BL$5>(5%*BL$5),(5%*BL$5)*$B8,$C8*BL$5) -> 1932.1974 | BM8: =IF($C8*BM$5>(5%*BM$5),(5%*BM$5)*$B8,$C8*BM$5) -> 1919.3161 | BN8: =IF($C8*BN$5>(5%*BN$5),(5%*BN$5)*$B8,$C8*BN$5) -> 1906.5207 | BO8: =IF($C8*BO$5>(5%*BO$5),(5%*BO$5)*$B8,$C8*BO$5) -> 1893.8105 | BP8: =IF($C8*BP$5>(5%*BP$5),(5%*BP$5)*$B8,$C8*BP$5) -> 1881.1851 | BQ8: =IF($C8*BQ$5>(5%*BQ$5),(5%*BQ$5)*$B8,$C8*BQ$5) -> 1868.6439 | BR8: =IF($C8*BR$5>(5%*BR$5),(5%*BR$5)*$B8,$C8*BR$5) -> 1856.1863 | BS8: =IF($C8*BS$5>(5%*BS$5),(5%*BS$5)*$B8,$C8*BS$5) -> 1843.8117 | ... BW8: =IF($C8*BW$5>(5%*BW$5),(5%*BW$5)*$B8,$C8*BW$5) -> 1795.1329
A9: 2 | B9: 0.43 | C9: =B9/SUM($B$8:$B$107) -> 0.0075531354 | D9: =IF($C9*D$5>(5%*D$5),(5%*D$5)*$B9,$C9*D$5) -> 188.82839 | E9: =IF($C9*E$5>(5%*E$5),(5%*E$5)*$B9,$C9*E$5) -> 188.27764 | F9: =IF($C9*F$5>(5%*F$5),(5%*F$5)*$B9,$C9*F$5) -> 187.72849 | G9: =IF($C9*G$5>(5%*G$5),(5%*G$5)*$B9,$C9*G$5) -> 187.18095 | H9: =IF($C9*H$5>(5%*H$5),(5%*H$5)*$B9,$C9*H$5) -> 186.63501 | I9: =IF($C9*I$5>(5%*I$5),(5%*I$5)*$B9,$C9*I$5) -> 186.09066 | J9: =IF($C9*J$5>(5%*J$5),(5%*J$5)*$B9,$C9*J$5) -> 185.54789 | K9: =IF($C9*K$5>(5%*K$5),(5%*K$5)*$B9,$C9*K$5) -> 185.00671 | ... O9: =IF($C9*O$5>(5%*O$5),(5%*O$5)*$B9,$C9*O$5) -> 182.85772 | S9: =IF($C9*S$5>(5%*S$5),(5%*S$5)*$B9,$C9*S$5) -> 377.65677 | T9: =IF($C9*T$5>(5%*T$5),(5%*T$5)*$B9,$C9*T$5) -> 376.0832 | U9: =IF($C9*U$5>(5%*U$5),(5%*U$5)*$B9,$C9*U$5) -> 374.51619 | V9: =IF($C9*V$5>(5%*V$5),(5%*V$5)*$B9,$C9*V$5) -> 372.9557 | W9: =IF($C9*W$5>(5%*W$5),(5%*W$5)*$B9,$C9*W$5) -> 371.40172 | X9: =IF($C9*X$5>(5%*X$5),(5%*X$5)*$B9,$C9*X$5) -> 369.85421 | Y9: =IF($C9*Y$5>(5%*Y$5),(5%*Y$5)*$B9,$C9*Y$5) -> 368.31316 | Z9: =IF($C9*Z$5>(5%*Z$5),(5%*Z$5)*$B9,$C9*Z$5) -> 366.77852 | ... AD9: =IF($C9*AD$5>(5%*AD$5),(5%*AD$5)*$B9,$C9*AD$5) -> 360.70364 | AH9: =IF($C9*AH$5>(5%*AH$5),(5%*AH$5)*$B9,$C9*AH$5) -> 453.18813 | AI9: =IF($C9*AI$5>(5%*AI$5),(5%*AI$5)*$B9,$C9*AI$5) -> 451.07325 | AJ9: =IF($C9*AJ$5>(5%*AJ$5),(5%*AJ$5)*$B9,$C9*AJ$5) -> 448.96824 | AK9: =IF($C9*AK$5>(5%*AK$5),(5%*AK$5)*$B9,$C9*AK$5) -> 446.87305 | AL9: =IF($C9*AL$5>(5%*AL$5),(5%*AL$5)*$B9,$C9*AL$5) -> 444.78765 | AM9: =IF($C9*AM$5>(5%*AM$5),(5%*AM$5)*$B9,$C9*AM$5) -> 442.71197 | AN9: =IF($C9*AN$5>(5%*AN$5),(5%*AN$5)*$B9,$C9*AN$5) -> 440.64598 | AO9: =IF($C9*AO$5>(5%*AO$5),(5%*AO$5)*$B9,$C9*AO$5) -> 438.58963 | ... AS9: =IF($C9*AS$5>(5%*AS$5),(5%*AS$5)*$B9,$C9*AS$5) -> 430.45976 | AW9: =IF($C9*AW$5>(5%*AW$5),(5%*AW$5)*$B9,$C9*AW$5) -> 604.25083 | AX9: =IF($C9*AX$5>(5%*AX$5),(5%*AX$5)*$B9,$C9*AX$5) -> 600.82675 | AY9: =IF($C9*AY$5>(5%*AY$5),(5%*AY$5)*$B9,$C9*AY$5) -> 597.42206 | AZ9: =IF($C9*AZ$5>(5%*AZ$5),(5%*AZ$5)*$B9,$C9*AZ$5) -> 594.03667 | BA9: =IF($C9*BA$5>(5%*BA$5),(5%*BA$5)*$B9,$C9*BA$5) -> 590.67046 | BB9: =IF($C9*BB$5>(5%*BB$5),(5%*BB$5)*$B9,$C9*BB$5) -> 587.32333 | BC9: =IF($C9*BC$5>(5%*BC$5),(5%*BC$5)*$B9,$C9*BC$5) -> 583.99516 | BD9: =IF($C9*BD$5>(5%*BD$5),(5%*BD$5)*$B9,$C9*BD$5) -> 580.68586 | ... BH9: =IF($C9*BH$5>(5%*BH$5),(5%*BH$5)*$B9,$C9*BH$5) -> 567.6351 | BL9: =IF($C9*BL$5>(5%*BL$5),(5%*BL$5)*$B9,$C9*BL$5) -> 755.31354 | BM9: =IF($C9*BM$5>(5%*BM$5),(5%*BM$5)*$B9,$C9*BM$5) -> 750.27812 | BN9: =IF($C9*BN$5>(5%*BN$5),(5%*BN$5)*$B9,$C9*BN$5) -> 745.27627 | BO9: =IF($C9*BO$5>(5%*BO$5),(5%*BO$5)*$B9,$C9*BO$5) -> 740.30776 | BP9: =IF($C9*BP$5>(5%*BP$5),(5%*BP$5)*$B9,$C9*BP$5) -> 735.37237 | BQ9: =IF($C9*BQ$5>(5%*BQ$5),(5%*BQ$5)*$B9,$C9*BQ$5) -> 730.46989 | BR9: =IF($C9*BR$5>(5%*BR$5),(5%*BR$5)*$B9,$C9*BR$5) -> 725.60009 | BS9: =IF($C9*BS$5>(5%*BS$5),(5%*BS$5)*$B9,$C9*BS$5) -> 720.76276 | ... BW9: =IF($C9*BW$5>(5%*BW$5),(5%*BW$5)*$B9,$C9*BW$5) -> 701.73377
A10: 3 | B10: 0.44 | C10: =B10/SUM($B$8:$B$107) -> 0.0077287897 | D10: =IF($C10*D$5>(5%*D$5),(5%*D$5)*$B10,$C10*D$5) -> 193.21974 | E10: =IF($C10*E$5>(5%*E$5),(5%*E$5)*$B10,$C10*E$5) -> 192.65619 | F10: =IF($C10*F$5>(5%*F$5),(5%*F$5)*$B10,$C10*F$5) -> 192.09427 | G10: =IF($C10*G$5>(5%*G$5),(5%*G$5)*$B10,$C10*G$5) -> 191.534 | H10: =IF($C10*H$5>(5%*H$5),(5%*H$5)*$B10,$C10*H$5) -> 190.97536 | I10: =IF($C10*I$5>(5%*I$5),(5%*I$5)*$B10,$C10*I$5) -> 190.41834 | J10: =IF($C10*J$5>(5%*J$5),(5%*J$5)*$B10,$C10*J$5) -> 189.86296 | K10: =IF($C10*K$5>(5%*K$5),(5%*K$5)*$B10,$C10*K$5) -> 189.30919 | ... O10: =IF($C10*O$5>(5%*O$5),(5%*O$5)*$B10,$C10*O$5) -> 187.11023 | S10: =IF($C10*S$5>(5%*S$5),(5%*S$5)*$B10,$C10*S$5) -> 386.43949 | T10: =IF($C10*T$5>(5%*T$5),(5%*T$5)*$B10,$C10*T$5) -> 384.82932 | U10: =IF($C10*U$5>(5%*U$5),(5%*U$5)*$B10,$C10*U$5) -> 383.22587 | V10: =IF($C10*V$5>(5%*V$5),(5%*V$5)*$B10,$C10*V$5) -> 381.62909 | W10: =IF($C10*W$5>(5%*W$5),(5%*W$5)*$B10,$C10*W$5) -> 380.03897 | X10: =IF($C10*X$5>(5%*X$5),(5%*X$5)*$B10,$C10*X$5) -> 378.45548 | Y10: =IF($C10*Y$5>(5%*Y$5),(5%*Y$5)*$B10,$C10*Y$5) -> 376.87858 | Z10: =IF($C10*Z$5>(5%*Z$5),(5%*Z$5)*$B10,$C10*Z$5) -> 375.30825 | ... AD10: =IF($C10*AD$5>(5%*AD$5),(5%*AD$5)*$B10,$C10*AD$5) -> 369.0921 | AH10: =IF($C10*AH$5>(5%*AH$5),(5%*AH$5)*$B10,$C10*AH$5) -> 463.72738 | AI10: =IF($C10*AI$5>(5%*AI$5),(5%*AI$5)*$B10,$C10*AI$5) -> 461.56332 | AJ10: =IF($C10*AJ$5>(5%*AJ$5),(5%*AJ$5)*$B10,$C10*AJ$5) -> 459.40936 | AK10: =IF($C10*AK$5>(5%*AK$5),(5%*AK$5)*$B10,$C10*AK$5) -> 457.26545 | AL10: =IF($C10*AL$5>(5%*AL$5),(5%*AL$5)*$B10,$C10*AL$5) -> 455.13155 | AM10: =IF($C10*AM$5>(5%*AM$5),(5%*AM$5)*$B10,$C10*AM$5) -> 453.0076 | AN10: =IF($C10*AN$5>(5%*AN$5),(5%*AN$5)*$B10,$C10*AN$5) -> 450.89356 | AO10: =IF($C10*AO$5>(5%*AO$5),(5%*AO$5)*$B10,$C10*AO$5) -> 448.78939 | ... AS10: =IF($C10*AS$5>(5%*AS$5),(5%*AS$5)*$B10,$C10*AS$5) -> 440.47045 | AW10: =IF($C10*AW$5>(5%*AW$5),(5%*AW$5)*$B10,$C10*AW$5) -> 618.30318 | AX10: =IF($C10*AX$5>(5%*AX$5),(5%*AX$5)*$B10,$C10*AX$5) -> 614.79946 | AY10: =IF($C10*AY$5>(5%*AY$5),(5%*AY$5)*$B10,$C10*AY$5) -> 611.3156 | AZ10: =IF($C10*AZ$5>(5%*AZ$5),(5%*AZ$5)*$B10,$C10*AZ$5) -> 607.85148 | BA10: =IF($C10*BA$5>(5%*BA$5),(5%*BA$5)*$B10,$C10*BA$5) -> 604.40698 | BB10: =IF($C10*BB$5>(5%*BB$5),(5%*BB$5)*$B10,$C10*BB$5) -> 600.98201 | BC10: =IF($C10*BC$5>(5%*BC$5),(5%*BC$5)*$B10,$C10*BC$5) -> 597.57645 | BD10: =IF($C10*BD$5>(5%*BD$5),(5%*BD$5)*$B10,$C10*BD$5) -> 594.19018 | ... BH10: =IF($C10*BH$5>(5%*BH$5),(5%*BH$5)*$B10,$C10*BH$5) -> 580.83592 | BL10: =IF($C10*BL$5>(5%*BL$5),(5%*BL$5)*$B10,$C10*BL$5) -> 772.87897 | BM10: =IF($C10*BM$5>(5%*BM$5),(5%*BM$5)*$B10,$C10*BM$5) -> 767.72645 | BN10: =IF($C10*BN$5>(5%*BN$5),(5%*BN$5)*$B10,$C10*BN$5) -> 762.60827 | BO10: =IF($C10*BO$5>(5%*BO$5),(5%*BO$5)*$B10,$C10*BO$5) -> 757.52422 | BP10: =IF($C10*BP$5>(5%*BP$5),(5%*BP$5)*$B10,$C10*BP$5) -> 752.47405 | BQ10: =IF($C10*BQ$5>(5%*BQ$5),(5%*BQ$5)*$B10,$C10*BQ$5) -> 747.45756 | BR10: =IF($C10*BR$5>(5%*BR$5),(5%*BR$5)*$B10,$C10*BR$5) -> 742.47451 | BS10: =IF($C10*BS$5>(5%*BS$5),(5%*BS$5)*$B10,$C10*BS$5) -> 737.52468 | ... BW10: =IF($C10*BW$5>(5%*BW$5),(5%*BW$5)*$B10,$C10*BW$5) -> 718.05316
A11: 4 | B11: 1.09 | C11: =B11/SUM($B$8:$B$107) -> 0.01914632 | D11: =IF($C11*D$5>(5%*D$5),(5%*D$5)*$B11,$C11*D$5) -> 478.658 | E11: =IF($C11*E$5>(5%*E$5),(5%*E$5)*$B11,$C11*E$5) -> 477.26192 | F11: =IF($C11*F$5>(5%*F$5),(5%*F$5)*$B11,$C11*F$5) -> 475.8699 | G11: =IF($C11*G$5>(5%*G$5),(5%*G$5)*$B11,$C11*G$5) -> 474.48195 | H11: =IF($C11*H$5>(5%*H$5),(5%*H$5)*$B11,$C11*H$5) -> 473.09804 | I11: =IF($C11*I$5>(5%*I$5),(5%*I$5)*$B11,$C11*I$5) -> 471.71817 | J11: =IF($C11*J$5>(5%*J$5),(5%*J$5)*$B11,$C11*J$5) -> 470.34233 | K11: =IF($C11*K$5>(5%*K$5),(5%*K$5)*$B11,$C11*K$5) -> 468.9705 | ... O11: =IF($C11*O$5>(5%*O$5),(5%*O$5)*$B11,$C11*O$5) -> 463.52306 | S11: =IF($C11*S$5>(5%*S$5),(5%*S$5)*$B11,$C11*S$5) -> 957.316 | T11: =IF($C11*T$5>(5%*T$5),(5%*T$5)*$B11,$C11*T$5) -> 953.32719 | U11: =IF($C11*U$5>(5%*U$5),(5%*U$5)*$B11,$C11*U$5) -> 949.35499 | V11: =IF($C11*V$5>(5%*V$5),(5%*V$5)*$B11,$C11*V$5) -> 945.39934 | W11: =IF($C11*W$5>(5%*W$5),(5%*W$5)*$B11,$C11*W$5) -> 941.46018 | X11: =IF($C11*X$5>(5%*X$5),(5%*X$5)*$B11,$C11*X$5) -> 937.53743 | Y11: =IF($C11*Y$5>(5%*Y$5),(5%*Y$5)*$B11,$C11*Y$5) -> 933.63102 | Z11: =IF($C11*Z$5>(5%*Z$5),(5%*Z$5)*$B11,$C11*Z$5) -> 929.74089 | ... AD11: =IF($C11*AD$5>(5%*AD$5),(5%*AD$5)*$B11,$C11*AD$5) -> 914.34179 | AH11: =IF($C11*AH$5>(5%*AH$5),(5%*AH$5)*$B11,$C11*AH$5) -> 1148.7792 | AI11: =IF($C11*AI$5>(5%*AI$5),(5%*AI$5)*$B11,$C11*AI$5) -> 1143.4182 | AJ11: =IF($C11*AJ$5>(5%*AJ$5),(5%*AJ$5)*$B11,$C11*AJ$5) -> 1138.0823 | AK11: =IF($C11*AK$5>(5%*AK$5),(5%*AK$5)*$B11,$C11*AK$5) -> 1132.7712 | AL11: =IF($C11*AL$5>(5%*AL$5),(5%*AL$5)*$B11,$C11*AL$5) -> 1127.485 | AM11: =IF($C11*AM$5>(5%*AM$5),(5%*AM$5)*$B11,$C11*AM$5) -> 1122.2234 | AN11: =IF($C11*AN$5>(5%*AN$5),(5%*AN$5)*$B11,$C11*AN$5) -> 1116.9863 | AO11: =IF($C11*AO$5>(5%*AO$5),(5%*AO$5)*$B11,$C11*AO$5) -> 1111.7737 | ... AS11: =IF($C11*AS$5>(5%*AS$5),(5%*AS$5)*$B11,$C11*AS$5) -> 1091.1654 | AW11: =IF($C11*AW$5>(5%*AW$5),(5%*AW$5)*$B11,$C11*AW$5) -> 1531.7056 | AX11: =IF($C11*AX$5>(5%*AX$5),(5%*AX$5)*$B11,$C11*AX$5) -> 1523.0259 | AY11: =IF($C11*AY$5>(5%*AY$5),(5%*AY$5)*$B11,$C11*AY$5) -> 1514.3955 | AZ11: =IF($C11*AZ$5>(5%*AZ$5),(5%*AZ$5)*$B11,$C11*AZ$5) -> 1505.8139 | BA11: =IF($C11*BA$5>(5%*BA$5),(5%*BA$5)*$B11,$C11*BA$5) -> 1497.2809 | BB11: =IF($C11*BB$5>(5%*BB$5),(5%*BB$5)*$B11,$C11*BB$5) -> 1488.7963 | BC11: =IF($C11*BC$5>(5%*BC$5),(5%*BC$5)*$B11,$C11*BC$5) -> 1480.3598 | BD11: =IF($C11*BD$5>(5%*BD$5),(5%*BD$5)*$B11,$C11*BD$5) -> 1471.9711 | ... BH11: =IF($C11*BH$5>(5%*BH$5),(5%*BH$5)*$B11,$C11*BH$5) -> 1438.889 | BL11: =IF($C11*BL$5>(5%*BL$5),(5%*BL$5)*$B11,$C11*BL$5) -> 1914.632 | BM11: =IF($C11*BM$5>(5%*BM$5),(5%*BM$5)*$B11,$C11*BM$5) -> 1901.8678 | BN11: =IF($C11*BN$5>(5%*BN$5),(5%*BN$5)*$B11,$C11*BN$5) -> 1889.1887 | BO11: =IF($C11*BO$5>(5%*BO$5),(5%*BO$5)*$B11,$C11*BO$5) -> 1876.5941 | BP11: =IF($C11*BP$5>(5%*BP$5),(5%*BP$5)*$B11,$C11*BP$5) -> 1864.0835 | BQ11: =IF($C11*BQ$5>(5%*BQ$5),(5%*BQ$5)*$B11,$C11*BQ$5) -> 1851.6562 | BR11: =IF($C11*BR$5>(5%*BR$5),(5%*BR$5)*$B11,$C11*BR$5) -> 1839.3119 | BS11: =IF($C11*BS$5>(5%*BS$5),(5%*BS$5)*$B11,$C11*BS$5) -> 1827.0498 | ... BW11: =IF($C11*BW$5>(5%*BW$5),(5%*BW$5)*$B11,$C11*BW$5) -> 1778.8135
A12: 5 | B12: 0.2 | C12: =B12/SUM($B$8:$B$107) -> 0.0035130862 | D12: =IF($C12*D$5>(5%*D$5),(5%*D$5)*$B12,$C12*D$5) -> 87.827156 | E12: =IF($C12*E$5>(5%*E$5),(5%*E$5)*$B12,$C12*E$5) -> 87.570994 | F12: =IF($C12*F$5>(5%*F$5),(5%*F$5)*$B12,$C12*F$5) -> 87.315578 | G12: =IF($C12*G$5>(5%*G$5),(5%*G$5)*$B12,$C12*G$5) -> 87.060908 | H12: =IF($C12*H$5>(5%*H$5),(5%*H$5)*$B12,$C12*H$5) -> 86.80698 | I12: =IF($C12*I$5>(5%*I$5),(5%*I$5)*$B12,$C12*I$5) -> 86.553793 | J12: =IF($C12*J$5>(5%*J$5),(5%*J$5)*$B12,$C12*J$5) -> 86.301345 | K12: =IF($C12*K$5>(5%*K$5),(5%*K$5)*$B12,$C12*K$5) -> 86.049632 | ... O12: =IF($C12*O$5>(5%*O$5),(5%*O$5)*$B12,$C12*O$5) -> 85.050103 | S12: =IF($C12*S$5>(5%*S$5),(5%*S$5)*$B12,$C12*S$5) -> 175.65431 | T12: =IF($C12*T$5>(5%*T$5),(5%*T$5)*$B12,$C12*T$5) -> 174.92242 | U12: =IF($C12*U$5>(5%*U$5),(5%*U$5)*$B12,$C12*U$5) -> 174.19358 | V12: =IF($C12*V$5>(5%*V$5),(5%*V$5)*$B12,$C12*V$5) -> 173.46777 | W12: =IF($C12*W$5>(5%*W$5),(5%*W$5)*$B12,$C12*W$5) -> 172.74499 | X12: =IF($C12*X$5>(5%*X$5),(5%*X$5)*$B12,$C12*X$5) -> 172.02522 | Y12: =IF($C12*Y$5>(5%*Y$5),(5%*Y$5)*$B12,$C12*Y$5) -> 171.30844 | Z12: =IF($C12*Z$5>(5%*Z$5),(5%*Z$5)*$B12,$C12*Z$5) -> 170.59466 | ... AD12: =IF($C12*AD$5>(5%*AD$5),(5%*AD$5)*$B12,$C12*AD$5) -> 167.76914 | AH12: =IF($C12*AH$5>(5%*AH$5),(5%*AH$5)*$B12,$C12*AH$5) -> 210.78517 | AI12: =IF($C12*AI$5>(5%*AI$5),(5%*AI$5)*$B12,$C12*AI$5) -> 209.80151 | AJ12: =IF($C12*AJ$5>(5%*AJ$5),(5%*AJ$5)*$B12,$C12*AJ$5) -> 208.82244 | AK12: =IF($C12*AK$5>(5%*AK$5),(5%*AK$5)*$B12,$C12*AK$5) -> 207.84793 | AL12: =IF($C12*AL$5>(5%*AL$5),(5%*AL$5)*$B12,$C12*AL$5) -> 206.87798 | AM12: =IF($C12*AM$5>(5%*AM$5),(5%*AM$5)*$B12,$C12*AM$5) -> 205.91254 | AN12: =IF($C12*AN$5>(5%*AN$5),(5%*AN$5)*$B12,$C12*AN$5) -> 204.95162 | AO12: =IF($C12*AO$5>(5%*AO$5),(5%*AO$5)*$B12,$C12*AO$5) -> 203.99518 | ... AS12: =IF($C12*AS$5>(5%*AS$5),(5%*AS$5)*$B12,$C12*AS$5) -> 200.21384 | AW12: =IF($C12*AW$5>(5%*AW$5),(5%*AW$5)*$B12,$C12*AW$5) -> 281.0469 | AX12: =IF($C12*AX$5>(5%*AX$5),(5%*AX$5)*$B12,$C12*AX$5) -> 279.4543 | AY12: =IF($C12*AY$5>(5%*AY$5),(5%*AY$5)*$B12,$C12*AY$5) -> 277.87073 | AZ12: =IF($C12*AZ$5>(5%*AZ$5),(5%*AZ$5)*$B12,$C12*AZ$5) -> 276.29613 | BA12: =IF($C12*BA$5>(5%*BA$5),(5%*BA$5)*$B12,$C12*BA$5) -> 274.73045 | BB12: =IF($C12*BB$5>(5%*BB$5),(5%*BB$5)*$B12,$C12*BB$5) -> 273.17364 | BC12: =IF($C12*BC$5>(5%*BC$5),(5%*BC$5)*$B12,$C12*BC$5) -> 271.62566 | BD12: =IF($C12*BD$5>(5%*BD$5),(5%*BD$5)*$B12,$C12*BD$5) -> 270.08645 | ... BH12: =IF($C12*BH$5>(5%*BH$5),(5%*BH$5)*$B12,$C12*BH$5) -> 264.01633 | BL12: =IF($C12*BL$5>(5%*BL$5),(5%*BL$5)*$B12,$C12*BL$5) -> 351.30862 | BM12: =IF($C12*BM$5>(5%*BM$5),(5%*BM$5)*$B12,$C12*BM$5) -> 348.96657 | BN12: =IF($C12*BN$5>(5%*BN$5),(5%*BN$5)*$B12,$C12*BN$5) -> 346.64012 | BO12: =IF($C12*BO$5>(5%*BO$5),(5%*BO$5)*$B12,$C12*BO$5) -> 344.32919 | BP12: =IF($C12*BP$5>(5%*BP$5),(5%*BP$5)*$B12,$C12*BP$5) -> 342.03366 | BQ12: =IF($C12*BQ$5>(5%*BQ$5),(5%*BQ$5)*$B12,$C12*BQ$5) -> 339.75344 | BR12: =IF($C12*BR$5>(5%*BR$5),(5%*BR$5)*$B12,$C12*BR$5) -> 337.48841 | BS12: =IF($C12*BS$5>(5%*BS$5),(5%*BS$5)*$B12,$C12*BS$5) -> 335.23849 | ... BW12: =IF($C12*BW$5>(5%*BW$5),(5%*BW$5)*$B12,$C12*BW$5) -> 326.3878
A13: 6 | B13: 0.3 | C13: =B13/SUM($B$8:$B$107) -> 0.0052696294 | D13: =IF($C13*D$5>(5%*D$5),(5%*D$5)*$B13,$C13*D$5) -> 131.74073 | E13: =IF($C13*E$5>(5%*E$5),(5%*E$5)*$B13,$C13*E$5) -> 131.35649 | F13: =IF($C13*F$5>(5%*F$5),(5%*F$5)*$B13,$C13*F$5) -> 130.97337 | G13: =IF($C13*G$5>(5%*G$5),(5%*G$5)*$B13,$C13*G$5) -> 130.59136 | H13: =IF($C13*H$5>(5%*H$5),(5%*H$5)*$B13,$C13*H$5) -> 130.21047 | I13: =IF($C13*I$5>(5%*I$5),(5%*I$5)*$B13,$C13*I$5) -> 129.83069 | J13: =IF($C13*J$5>(5%*J$5),(5%*J$5)*$B13,$C13*J$5) -> 129.45202 | K13: =IF($C13*K$5>(5%*K$5),(5%*K$5)*$B13,$C13*K$5) -> 129.07445 | ... O13: =IF($C13*O$5>(5%*O$5),(5%*O$5)*$B13,$C13*O$5) -> 127.57516 | S13: =IF($C13*S$5>(5%*S$5),(5%*S$5)*$B13,$C13*S$5) -> 263.48147 | T13: =IF($C13*T$5>(5%*T$5),(5%*T$5)*$B13,$C13*T$5) -> 262.38363 | U13: =IF($C13*U$5>(5%*U$5),(5%*U$5)*$B13,$C13*U$5) -> 261.29036 | V13: =IF($C13*V$5>(5%*V$5),(5%*V$5)*$B13,$C13*V$5) -> 260.20165 | W13: =IF($C13*W$5>(5%*W$5),(5%*W$5)*$B13,$C13*W$5) -> 259.11748 | X13: =IF($C13*X$5>(5%*X$5),(5%*X$5)*$B13,$C13*X$5) -> 258.03782 | Y13: =IF($C13*Y$5>(5%*Y$5),(5%*Y$5)*$B13,$C13*Y$5) -> 256.96267 | Z13: =IF($C13*Z$5>(5%*Z$5),(5%*Z$5)*$B13,$C13*Z$5) -> 255.89199 | ... AD13: =IF($C13*AD$5>(5%*AD$5),(5%*AD$5)*$B13,$C13*AD$5) -> 251.6537 | AH13: =IF($C13*AH$5>(5%*AH$5),(5%*AH$5)*$B13,$C13*AH$5) -> 316.17776 | AI13: =IF($C13*AI$5>(5%*AI$5),(5%*AI$5)*$B13,$C13*AI$5) -> 314.70227 | AJ13: =IF($C13*AJ$5>(5%*AJ$5),(5%*AJ$5)*$B13,$C13*AJ$5) -> 313.23366 | AK13: =IF($C13*AK$5>(5%*AK$5),(5%*AK$5)*$B13,$C13*AK$5) -> 311.7719 | AL13: =IF($C13*AL$5>(5%*AL$5),(5%*AL$5)*$B13,$C13*AL$5) -> 310.31696 | AM13: =IF($C13*AM$5>(5%*AM$5),(5%*AM$5)*$B13,$C13*AM$5) -> 308.86882 | AN13: =IF($C13*AN$5>(5%*AN$5),(5%*AN$5)*$B13,$C13*AN$5) -> 307.42743 | AO13: =IF($C13*AO$5>(5%*AO$5),(5%*AO$5)*$B13,$C13*AO$5) -> 305.99277 | ... AS13: =IF($C13*AS$5>(5%*AS$5),(5%*AS$5)*$B13,$C13*AS$5) -> 300.32076 | AW13: =IF($C13*AW$5>(5%*AW$5),(5%*AW$5)*$B13,$C13*AW$5) -> 421.57035 | AX13: =IF($C13*AX$5>(5%*AX$5),(5%*AX$5)*$B13,$C13*AX$5) -> 419.18145 | AY13: =IF($C13*AY$5>(5%*AY$5),(5%*AY$5)*$B13,$C13*AY$5) -> 416.80609 | AZ13: =IF($C13*AZ$5>(5%*AZ$5),(5%*AZ$5)*$B13,$C13*AZ$5) -> 414.44419 | BA13: =IF($C13*BA$5>(5%*BA$5),(5%*BA$5)*$B13,$C13*BA$5) -> 412.09567 | BB13: =IF($C13*BB$5>(5%*BB$5),(5%*BB$5)*$B13,$C13*BB$5) -> 409.76046 | BC13: =IF($C13*BC$5>(5%*BC$5),(5%*BC$5)*$B13,$C13*BC$5) -> 407.43849 | BD13: =IF($C13*BD$5>(5%*BD$5),(5%*BD$5)*$B13,$C13*BD$5) -> 405.12967 | ... BH13: =IF($C13*BH$5>(5%*BH$5),(5%*BH$5)*$B13,$C13*BH$5) -> 396.02449 | BL13: =IF($C13*BL$5>(5%*BL$5),(5%*BL$5)*$B13,$C13*BL$5) -> 526.96294 | BM13: =IF($C13*BM$5>(5%*BM$5),(5%*BM$5)*$B13,$C13*BM$5) -> 523.44985 | BN13: =IF($C13*BN$5>(5%*BN$5),(5%*BN$5)*$B13,$C13*BN$5) -> 519.96019 | BO13: =IF($C13*BO$5>(5%*BO$5),(5%*BO$5)*$B13,$C13*BO$5) -> 516.49378 | BP13: =IF($C13*BP$5>(5%*BP$5),(5%*BP$5)*$B13,$C13*BP$5) -> 513.05049 | BQ13: =IF($C13*BQ$5>(5%*BQ$5),(5%*BQ$5)*$B13,$C13*BQ$5) -> 509.63016 | BR13: =IF($C13*BR$5>(5%*BR$5),(5%*BR$5)*$B13,$C13*BR$5) -> 506.23262 | BS13: =IF($C13*BS$5>(5%*BS$5),(5%*BS$5)*$B13,$C13*BS$5) -> 502.85774 | ... BW13: =IF($C13*BW$5>(5%*BW$5),(5%*BW$5)*$B13,$C13*BW$5) -> 489.5817
A14: 7 | B14: 0.39 | C14: =B14/SUM($B$8:$B$107) -> 0.0068505182 | D14: =IF($C14*D$5>(5%*D$5),(5%*D$5)*$B14,$C14*D$5) -> 171.26295 | E14: =IF($C14*E$5>(5%*E$5),(5%*E$5)*$B14,$C14*E$5) -> 170.76344 | F14: =IF($C14*F$5>(5%*F$5),(5%*F$5)*$B14,$C14*F$5) -> 170.26538 | G14: =IF($C14*G$5>(5%*G$5),(5%*G$5)*$B14,$C14*G$5) -> 169.76877 | H14: =IF($C14*H$5>(5%*H$5),(5%*H$5)*$B14,$C14*H$5) -> 169.27361 | I14: =IF($C14*I$5>(5%*I$5),(5%*I$5)*$B14,$C14*I$5) -> 168.7799 | J14: =IF($C14*J$5>(5%*J$5),(5%*J$5)*$B14,$C14*J$5) -> 168.28762 | K14: =IF($C14*K$5>(5%*K$5),(5%*K$5)*$B14,$C14*K$5) -> 167.79678 | ... O14: =IF($C14*O$5>(5%*O$5),(5%*O$5)*$B14,$C14*O$5) -> 165.8477 | S14: =IF($C14*S$5>(5%*S$5),(5%*S$5)*$B14,$C14*S$5) -> 342.52591 | T14: =IF($C14*T$5>(5%*T$5),(5%*T$5)*$B14,$C14*T$5) -> 341.09872 | U14: =IF($C14*U$5>(5%*U$5),(5%*U$5)*$B14,$C14*U$5) -> 339.67747 | V14: =IF($C14*V$5>(5%*V$5),(5%*V$5)*$B14,$C14*V$5) -> 338.26215 | W14: =IF($C14*W$5>(5%*W$5),(5%*W$5)*$B14,$C14*W$5) -> 336.85272 | X14: =IF($C14*X$5>(5%*X$5),(5%*X$5)*$B14,$C14*X$5) -> 335.44917 | Y14: =IF($C14*Y$5>(5%*Y$5),(5%*Y$5)*$B14,$C14*Y$5) -> 334.05147 | Z14: =IF($C14*Z$5>(5%*Z$5),(5%*Z$5)*$B14,$C14*Z$5) -> 332.65959 | ... AD14: =IF($C14*AD$5>(5%*AD$5),(5%*AD$5)*$B14,$C14*AD$5) -> 327.14982 | AH14: =IF($C14*AH$5>(5%*AH$5),(5%*AH$5)*$B14,$C14*AH$5) -> 411.03109 | AI14: =IF($C14*AI$5>(5%*AI$5),(5%*AI$5)*$B14,$C14*AI$5) -> 409.11295 | AJ14: =IF($C14*AJ$5>(5%*AJ$5),(5%*AJ$5)*$B14,$C14*AJ$5) -> 407.20375 | AK14: =IF($C14*AK$5>(5%*AK$5),(5%*AK$5)*$B14,$C14*AK$5) -> 405.30347 | AL14: =IF($C14*AL$5>(5%*AL$5),(5%*AL$5)*$B14,$C14*AL$5) -> 403.41205 | AM14: =IF($C14*AM$5>(5%*AM$5),(5%*AM$5)*$B14,$C14*AM$5) -> 401.52946 | AN14: =IF($C14*AN$5>(5%*AN$5),(5%*AN$5)*$B14,$C14*AN$5) -> 399.65566 | AO14: =IF($C14*AO$5>(5%*AO$5),(5%*AO$5)*$B14,$C14*AO$5) -> 397.7906 | ... AS14: =IF($C14*AS$5>(5%*AS$5),(5%*AS$5)*$B14,$C14*AS$5) -> 390.41699 | AW14: =IF($C14*AW$5>(5%*AW$5),(5%*AW$5)*$B14,$C14*AW$5) -> 548.04145 | AX14: =IF($C14*AX$5>(5%*AX$5),(5%*AX$5)*$B14,$C14*AX$5) -> 544.93589 | AY14: =IF($C14*AY$5>(5%*AY$5),(5%*AY$5)*$B14,$C14*AY$5) -> 541.84792 | AZ14: =IF($C14*AZ$5>(5%*AZ$5),(5%*AZ$5)*$B14,$C14*AZ$5) -> 538.77744 | BA14: =IF($C14*BA$5>(5%*BA$5),(5%*BA$5)*$B14,$C14*BA$5) -> 535.72437 | BB14: =IF($C14*BB$5>(5%*BB$5),(5%*BB$5)*$B14,$C14*BB$5) -> 532.6886 | BC14: =IF($C14*BC$5>(5%*BC$5),(5%*BC$5)*$B14,$C14*BC$5) -> 529.67003 | BD14: =IF($C14*BD$5>(5%*BD$5),(5%*BD$5)*$B14,$C14*BD$5) -> 526.66857 | ... BH14: =IF($C14*BH$5>(5%*BH$5),(5%*BH$5)*$B14,$C14*BH$5) -> 514.83184 | BL14: =IF($C14*BL$5>(5%*BL$5),(5%*BL$5)*$B14,$C14*BL$5) -> 685.05182 | BM14: =IF($C14*BM$5>(5%*BM$5),(5%*BM$5)*$B14,$C14*BM$5) -> 680.48481 | BN14: =IF($C14*BN$5>(5%*BN$5),(5%*BN$5)*$B14,$C14*BN$5) -> 675.94824 | BO14: =IF($C14*BO$5>(5%*BO$5),(5%*BO$5)*$B14,$C14*BO$5) -> 671.44192 | BP14: =IF($C14*BP$5>(5%*BP$5),(5%*BP$5)*$B14,$C14*BP$5) -> 666.96564 | BQ14: =IF($C14*BQ$5>(5%*BQ$5),(5%*BQ$5)*$B14,$C14*BQ$5) -> 662.5192 | BR14: =IF($C14*BR$5>(5%*BR$5),(5%*BR$5)*$B14,$C14*BR$5) -> 658.10241 | BS14: =IF($C14*BS$5>(5%*BS$5),(5%*BS$5)*$B14,$C14*BS$5) -> 653.71506 | ... BW14: =IF($C14*BW$5>(5%*BW$5),(5%*BW$5)*$B14,$C14*BW$5) -> 636.45621
A15: 8 | B15: 0.53 | C15: =B15/SUM($B$8:$B$107) -> 0.0093096786 | D15: =IF($C15*D$5>(5%*D$5),(5%*D$5)*$B15,$C15*D$5) -> 232.74196 | E15: =IF($C15*E$5>(5%*E$5),(5%*E$5)*$B15,$C15*E$5) -> 232.06313 | F15: =IF($C15*F$5>(5%*F$5),(5%*F$5)*$B15,$C15*F$5) -> 231.38628 | G15: =IF($C15*G$5>(5%*G$5),(5%*G$5)*$B15,$C15*G$5) -> 230.71141 | H15: =IF($C15*H$5>(5%*H$5),(5%*H$5)*$B15,$C15*H$5) -> 230.0385 | I15: =IF($C15*I$5>(5%*I$5),(5%*I$5)*$B15,$C15*I$5) -> 229.36755 | J15: =IF($C15*J$5>(5%*J$5),(5%*J$5)*$B15,$C15*J$5) -> 228.69856 | K15: =IF($C15*K$5>(5%*K$5),(5%*K$5)*$B15,$C15*K$5) -> 228.03153 | ... O15: =IF($C15*O$5>(5%*O$5),(5%*O$5)*$B15,$C15*O$5) -> 225.38277 | S15: =IF($C15*S$5>(5%*S$5),(5%*S$5)*$B15,$C15*S$5) -> 465.48393 | T15: =IF($C15*T$5>(5%*T$5),(5%*T$5)*$B15,$C15*T$5) -> 463.54441 | U15: =IF($C15*U$5>(5%*U$5),(5%*U$5)*$B15,$C15*U$5) -> 461.61298 | V15: =IF($C15*V$5>(5%*V$5),(5%*V$5)*$B15,$C15*V$5) -> 459.68959 | W15: =IF($C15*W$5>(5%*W$5),(5%*W$5)*$B15,$C15*W$5) -> 457.77422 | X15: =IF($C15*X$5>(5%*X$5),(5%*X$5)*$B15,$C15*X$5) -> 455.86682 | Y15: =IF($C15*Y$5>(5%*Y$5),(5%*Y$5)*$B15,$C15*Y$5) -> 453.96738 | Z15: =IF($C15*Z$5>(5%*Z$5),(5%*Z$5)*$B15,$C15*Z$5) -> 452.07585 | ... AD15: =IF($C15*AD$5>(5%*AD$5),(5%*AD$5)*$B15,$C15*AD$5) -> 444.58821 | AH15: =IF($C15*AH$5>(5%*AH$5),(5%*AH$5)*$B15,$C15*AH$5) -> 558.58071 | AI15: =IF($C15*AI$5>(5%*AI$5),(5%*AI$5)*$B15,$C15*AI$5) -> 555.974 | AJ15: =IF($C15*AJ$5>(5%*AJ$5),(5%*AJ$5)*$B15,$C15*AJ$5) -> 553.37946 | AK15: =IF($C15*AK$5>(5%*AK$5),(5%*AK$5)*$B15,$C15*AK$5) -> 550.79702 | AL15: =IF($C15*AL$5>(5%*AL$5),(5%*AL$5)*$B15,$C15*AL$5) -> 548.22663 | AM15: =IF($C15*AM$5>(5%*AM$5),(5%*AM$5)*$B15,$C15*AM$5) -> 545.66824 | AN15: =IF($C15*AN$5>(5%*AN$5),(5%*AN$5)*$B15,$C15*AN$5) -> 543.12179 | AO15: =IF($C15*AO$5>(5%*AO$5),(5%*AO$5)*$B15,$C15*AO$5) -> 540.58722 | ... AS15: =IF($C15*AS$5>(5%*AS$5),(5%*AS$5)*$B15,$C15*AS$5) -> 530.56668 | AW15: =IF($C15*AW$5>(5%*AW$5),(5%*AW$5)*$B15,$C15*AW$5) -> 744.77428 | AX15: =IF($C15*AX$5>(5%*AX$5),(5%*AX$5)*$B15,$C15*AX$5) -> 740.5539 | AY15: =IF($C15*AY$5>(5%*AY$5),(5%*AY$5)*$B15,$C15*AY$5) -> 736.35742 | AZ15: =IF($C15*AZ$5>(5%*AZ$5),(5%*AZ$5)*$B15,$C15*AZ$5) -> 732.18473 | BA15: =IF($C15*BA$5>(5%*BA$5),(5%*BA$5)*$B15,$C15*BA$5) -> 728.03569 | BB15: =IF($C15*BB$5>(5%*BB$5),(5%*BB$5)*$B15,$C15*BB$5) -> 723.91015 | BC15: =IF($C15*BC$5>(5%*BC$5),(5%*BC$5)*$B15,$C15*BC$5) -> 719.80799 | BD15: =IF($C15*BD$5>(5%*BD$5),(5%*BD$5)*$B15,$C15*BD$5) -> 715.72908 | ... BH15: =IF($C15*BH$5>(5%*BH$5),(5%*BH$5)*$B15,$C15*BH$5) -> 699.64327 | BL15: =IF($C15*BL$5>(5%*BL$5),(5%*BL$5)*$B15,$C15*BL$5) -> 930.96786 | BM15: =IF($C15*BM$5>(5%*BM$5),(5%*BM$5)*$B15,$C15*BM$5) -> 924.7614 | BN15: =IF($C15*BN$5>(5%*BN$5),(5%*BN$5)*$B15,$C15*BN$5) -> 918.59633 | BO15: =IF($C15*BO$5>(5%*BO$5),(5%*BO$5)*$B15,$C15*BO$5) -> 912.47235 | BP15: =IF($C15*BP$5>(5%*BP$5),(5%*BP$5)*$B15,$C15*BP$5) -> 906.3892 | BQ15: =IF($C15*BQ$5>(5%*BQ$5),(5%*BQ$5)*$B15,$C15*BQ$5) -> 900.34661 | BR15: =IF($C15*BR$5>(5%*BR$5),(5%*BR$5)*$B15,$C15*BR$5) -> 894.3443 | BS15: =IF($C15*BS$5>(5%*BS$5),(5%*BS$5)*$B15,$C15*BS$5) -> 888.382 | ... BW15: =IF($C15*BW$5>(5%*BW$5),(5%*BW$5)*$B15,$C15*BW$5) -> 864.92767
A16: 9 | B16: 1 | C16: =B16/SUM($B$8:$B$107) -> 0.017565431 | D16: =IF($C16*D$5>(5%*D$5),(5%*D$5)*$B16,$C16*D$5) -> 439.13578 | E16: =IF($C16*E$5>(5%*E$5),(5%*E$5)*$B16,$C16*E$5) -> 437.85497 | F16: =IF($C16*F$5>(5%*F$5),(5%*F$5)*$B16,$C16*F$5) -> 436.57789 | G16: =IF($C16*G$5>(5%*G$5),(5%*G$5)*$B16,$C16*G$5) -> 435.30454 | H16: =IF($C16*H$5>(5%*H$5),(5%*H$5)*$B16,$C16*H$5) -> 434.0349 | I16: =IF($C16*I$5>(5%*I$5),(5%*I$5)*$B16,$C16*I$5) -> 432.76897 | J16: =IF($C16*J$5>(5%*J$5),(5%*J$5)*$B16,$C16*J$5) -> 431.50672 | K16: =IF($C16*K$5>(5%*K$5),(5%*K$5)*$B16,$C16*K$5) -> 430.24816 | ... O16: =IF($C16*O$5>(5%*O$5),(5%*O$5)*$B16,$C16*O$5) -> 425.25052 | S16: =IF($C16*S$5>(5%*S$5),(5%*S$5)*$B16,$C16*S$5) -> 878.27156 | T16: =IF($C16*T$5>(5%*T$5),(5%*T$5)*$B16,$C16*T$5) -> 874.6121 | U16: =IF($C16*U$5>(5%*U$5),(5%*U$5)*$B16,$C16*U$5) -> 870.96788 | V16: =IF($C16*V$5>(5%*V$5),(5%*V$5)*$B16,$C16*V$5) -> 867.33885 | W16: =IF($C16*W$5>(5%*W$5),(5%*W$5)*$B16,$C16*W$5) -> 863.72493 | X16: =IF($C16*X$5>(5%*X$5),(5%*X$5)*$B16,$C16*X$5) -> 860.12608 | Y16: =IF($C16*Y$5>(5%*Y$5),(5%*Y$5)*$B16,$C16*Y$5) -> 856.54222 | Z16: =IF($C16*Z$5>(5%*Z$5),(5%*Z$5)*$B16,$C16*Z$5) -> 852.9733 | ... AD16: =IF($C16*AD$5>(5%*AD$5),(5%*AD$5)*$B16,$C16*AD$5) -> 838.84568 | AH16: =IF($C16*AH$5>(5%*AH$5),(5%*AH$5)*$B16,$C16*AH$5) -> 1053.9259 | AI16: =IF($C16*AI$5>(5%*AI$5),(5%*AI$5)*$B16,$C16*AI$5) -> 1049.0076 | AJ16: =IF($C16*AJ$5>(5%*AJ$5),(5%*AJ$5)*$B16,$C16*AJ$5) -> 1044.1122 | AK16: =IF($C16*AK$5>(5%*AK$5),(5%*AK$5)*$B16,$C16*AK$5) -> 1039.2397 | AL16: =IF($C16*AL$5>(5%*AL$5),(5%*AL$5)*$B16,$C16*AL$5) -> 1034.3899 | AM16: =IF($C16*AM$5>(5%*AM$5),(5%*AM$5)*$B16,$C16*AM$5) -> 1029.5627 | AN16: =IF($C16*AN$5>(5%*AN$5),(5%*AN$5)*$B16,$C16*AN$5) -> 1024.7581 | AO16: =IF($C16*AO$5>(5%*AO$5),(5%*AO$5)*$B16,$C16*AO$5) -> 1019.9759 | ... AS16: =IF($C16*AS$5>(5%*AS$5),(5%*AS$5)*$B16,$C16*AS$5) -> 1001.0692 | AW16: =IF($C16*AW$5>(5%*AW$5),(5%*AW$5)*$B16,$C16*AW$5) -> 1405.2345 | AX16: =IF($C16*AX$5>(5%*AX$5),(5%*AX$5)*$B16,$C16*AX$5) -> 1397.2715 | AY16: =IF($C16*AY$5>(5%*AY$5),(5%*AY$5)*$B16,$C16*AY$5) -> 1389.3536 | AZ16: =IF($C16*AZ$5>(5%*AZ$5),(5%*AZ$5)*$B16,$C16*AZ$5) -> 1381.4806 | BA16: =IF($C16*BA$5>(5%*BA$5),(5%*BA$5)*$B16,$C16*BA$5) -> 1373.6522 | BB16: =IF($C16*BB$5>(5%*BB$5),(5%*BB$5)*$B16,$C16*BB$5) -> 1365.8682 | BC16: =IF($C16*BC$5>(5%*BC$5),(5%*BC$5)*$B16,$C16*BC$5) -> 1358.1283 | BD16: =IF($C16*BD$5>(5%*BD$5),(5%*BD$5)*$B16,$C16*BD$5) -> 1350.4322 | ... BH16: =IF($C16*BH$5>(5%*BH$5),(5%*BH$5)*$B16,$C16*BH$5) -> 1320.0816 | BL16: =IF($C16*BL$5>(5%*BL$5),(5%*BL$5)*$B16,$C16*BL$5) -> 1756.5431 | BM16: =IF($C16*BM$5>(5%*BM$5),(5%*BM$5)*$B16,$C16*BM$5) -> 1744.8328 | BN16: =IF($C16*BN$5>(5%*BN$5),(5%*BN$5)*$B16,$C16*BN$5) -> 1733.2006 | BO16: =IF($C16*BO$5>(5%*BO$5),(5%*BO$5)*$B16,$C16*BO$5) -> 1721.6459 | BP16: =IF($C16*BP$5>(5%*BP$5),(5%*BP$5)*$B16,$C16*BP$5) -> 1710.1683 | BQ16: =IF($C16*BQ$5>(5%*BQ$5),(5%*BQ$5)*$B16,$C16*BQ$5) -> 1698.7672 | BR16: =IF($C16*BR$5>(5%*BR$5),(5%*BR$5)*$B16,$C16*BR$5) -> 1687.4421 | BS16: =IF($C16*BS$5>(5%*BS$5),(5%*BS$5)*$B16,$C16*BS$5) -> 1676.1925 | ... BW16: =IF($C16*BW$5>(5%*BW$5),(5%*BW$5)*$B16,$C16*BW$5) -> 1631.939
A17: 10 | B17: 0.32 | C17: =B17/SUM($B$8:$B$107) -> 0.005620938 | D17: =IF($C17*D$5>(5%*D$5),(5%*D$5)*$B17,$C17*D$5) -> 140.52345 | E17: =IF($C17*E$5>(5%*E$5),(5%*E$5)*$B17,$C17*E$5) -> 140.11359 | F17: =IF($C17*F$5>(5%*F$5),(5%*F$5)*$B17,$C17*F$5) -> 139.70493 | G17: =IF($C17*G$5>(5%*G$5),(5%*G$5)*$B17,$C17*G$5) -> 139.29745 | H17: =IF($C17*H$5>(5%*H$5),(5%*H$5)*$B17,$C17*H$5) -> 138.89117 | I17: =IF($C17*I$5>(5%*I$5),(5%*I$5)*$B17,$C17*I$5) -> 138.48607 | J17: =IF($C17*J$5>(5%*J$5),(5%*J$5)*$B17,$C17*J$5) -> 138.08215 | K17: =IF($C17*K$5>(5%*K$5),(5%*K$5)*$B17,$C17*K$5) -> 137.67941 | ... O17: =IF($C17*O$5>(5%*O$5),(5%*O$5)*$B17,$C17*O$5) -> 136.08017 | S17: =IF($C17*S$5>(5%*S$5),(5%*S$5)*$B17,$C17*S$5) -> 281.0469 | T17: =IF($C17*T$5>(5%*T$5),(5%*T$5)*$B17,$C17*T$5) -> 279.87587 | U17: =IF($C17*U$5>(5%*U$5),(5%*U$5)*$B17,$C17*U$5) -> 278.70972 | V17: =IF($C17*V$5>(5%*V$5),(5%*V$5)*$B17,$C17*V$5) -> 277.54843 | W17: =IF($C17*W$5>(5%*W$5),(5%*W$5)*$B17,$C17*W$5) -> 276.39198 | X17: =IF($C17*X$5>(5%*X$5),(5%*X$5)*$B17,$C17*X$5) -> 275.24035 | Y17: =IF($C17*Y$5>(5%*Y$5),(5%*Y$5)*$B17,$C17*Y$5) -> 274.09351 | Z17: =IF($C17*Z$5>(5%*Z$5),(5%*Z$5)*$B17,$C17*Z$5) -> 272.95145 | ... AD17: =IF($C17*AD$5>(5%*AD$5),(5%*AD$5)*$B17,$C17*AD$5) -> 268.43062 | AH17: =IF($C17*AH$5>(5%*AH$5),(5%*AH$5)*$B17,$C17*AH$5) -> 337.25628 | AI17: =IF($C17*AI$5>(5%*AI$5),(5%*AI$5)*$B17,$C17*AI$5) -> 335.68242 | AJ17: =IF($C17*AJ$5>(5%*AJ$5),(5%*AJ$5)*$B17,$C17*AJ$5) -> 334.1159 | AK17: =IF($C17*AK$5>(5%*AK$5),(5%*AK$5)*$B17,$C17*AK$5) -> 332.55669 | AL17: =IF($C17*AL$5>(5%*AL$5),(5%*AL$5)*$B17,$C17*AL$5) -> 331.00476 | AM17: =IF($C17*AM$5>(5%*AM$5),(5%*AM$5)*$B17,$C17*AM$5) -> 329.46007 | AN17: =IF($C17*AN$5>(5%*AN$5),(5%*AN$5)*$B17,$C17*AN$5) -> 327.92259 | AO17: =IF($C17*AO$5>(5%*AO$5),(5%*AO$5)*$B17,$C17*AO$5) -> 326.39229 | ... AS17: =IF($C17*AS$5>(5%*AS$5),(5%*AS$5)*$B17,$C17*AS$5) -> 320.34215 | AW17: =IF($C17*AW$5>(5%*AW$5),(5%*AW$5)*$B17,$C17*AW$5) -> 449.67504 | AX17: =IF($C17*AX$5>(5%*AX$5),(5%*AX$5)*$B17,$C17*AX$5) -> 447.12688 | AY17: =IF($C17*AY$5>(5%*AY$5),(5%*AY$5)*$B17,$C17*AY$5) -> 444.59316 | AZ17: =IF($C17*AZ$5>(5%*AZ$5),(5%*AZ$5)*$B17,$C17*AZ$5) -> 442.0738 | BA17: =IF($C17*BA$5>(5%*BA$5),(5%*BA$5)*$B17,$C17*BA$5) -> 439.56872 | BB17: =IF($C17*BB$5>(5%*BB$5),(5%*BB$5)*$B17,$C17*BB$5) -> 437.07783 | BC17: =IF($C17*BC$5>(5%*BC$5),(5%*BC$5)*$B17,$C17*BC$5) -> 434.60105 | BD17: =IF($C17*BD$5>(5%*BD$5),(5%*BD$5)*$B17,$C17*BD$5) -> 432.13831 | ... BH17: =IF($C17*BH$5>(5%*BH$5),(5%*BH$5)*$B17,$C17*BH$5) -> 422.42612 | BL17: =IF($C17*BL$5>(5%*BL$5),(5%*BL$5)*$B17,$C17*BL$5) -> 562.0938 | BM17: =IF($C17*BM$5>(5%*BM$5),(5%*BM$5)*$B17,$C17*BM$5) -> 558.34651 | BN17: =IF($C17*BN$5>(5%*BN$5),(5%*BN$5)*$B17,$C17*BN$5) -> 554.6242 | BO17: =IF($C17*BO$5>(5%*BO$5),(5%*BO$5)*$B17,$C17*BO$5) -> 550.9267 | BP17: =IF($C17*BP$5>(5%*BP$5),(5%*BP$5)*$B17,$C17*BP$5) -> 547.25386 | BQ17: =IF($C17*BQ$5>(5%*BQ$5),(5%*BQ$5)*$B17,$C17*BQ$5) -> 543.6055 | BR17: =IF($C17*BR$5>(5%*BR$5),(5%*BR$5)*$B17,$C17*BR$5) -> 539.98146 | BS17: =IF($C17*BS$5>(5%*BS$5),(5%*BS$5)*$B17,$C17*BS$5) -> 536.38159 | ... BW17: =IF($C17*BW$5>(5%*BW$5),(5%*BW$5)*$B17,$C17*BW$5) -> 522.22048
A18: 11 | B18: 0.88 | C18: =B18/SUM($B$8:$B$107) -> 0.015457579 | D18: =IF($C18*D$5>(5%*D$5),(5%*D$5)*$B18,$C18*D$5) -> 386.43949 | E18: =IF($C18*E$5>(5%*E$5),(5%*E$5)*$B18,$C18*E$5) -> 385.31237 | F18: =IF($C18*F$5>(5%*F$5),(5%*F$5)*$B18,$C18*F$5) -> 384.18854 | G18: =IF($C18*G$5>(5%*G$5),(5%*G$5)*$B18,$C18*G$5) -> 383.06799 | H18: =IF($C18*H$5>(5%*H$5),(5%*H$5)*$B18,$C18*H$5) -> 381.95071 | I18: =IF($C18*I$5>(5%*I$5),(5%*I$5)*$B18,$C18*I$5) -> 380.83669 | J18: =IF($C18*J$5>(5%*J$5),(5%*J$5)*$B18,$C18*J$5) -> 379.72592 | K18: =IF($C18*K$5>(5%*K$5),(5%*K$5)*$B18,$C18*K$5) -> 378.61838 | ... O18: =IF($C18*O$5>(5%*O$5),(5%*O$5)*$B18,$C18*O$5) -> 374.22046 | S18: =IF($C18*S$5>(5%*S$5),(5%*S$5)*$B18,$C18*S$5) -> 772.87897 | T18: =IF($C18*T$5>(5%*T$5),(5%*T$5)*$B18,$C18*T$5) -> 769.65865 | U18: =IF($C18*U$5>(5%*U$5),(5%*U$5)*$B18,$C18*U$5) -> 766.45173 | V18: =IF($C18*V$5>(5%*V$5),(5%*V$5)*$B18,$C18*V$5) -> 763.25819 | W18: =IF($C18*W$5>(5%*W$5),(5%*W$5)*$B18,$C18*W$5) -> 760.07794 | X18: =IF($C18*X$5>(5%*X$5),(5%*X$5)*$B18,$C18*X$5) -> 756.91095 | Y18: =IF($C18*Y$5>(5%*Y$5),(5%*Y$5)*$B18,$C18*Y$5) -> 753.75716 | Z18: =IF($C18*Z$5>(5%*Z$5),(5%*Z$5)*$B18,$C18*Z$5) -> 750.6165 | ... AD18: =IF($C18*AD$5>(5%*AD$5),(5%*AD$5)*$B18,$C18*AD$5) -> 738.1842 | AH18: =IF($C18*AH$5>(5%*AH$5),(5%*AH$5)*$B18,$C18*AH$5) -> 927.45477 | AI18: =IF($C18*AI$5>(5%*AI$5),(5%*AI$5)*$B18,$C18*AI$5) -> 923.12665 | AJ18: =IF($C18*AJ$5>(5%*AJ$5),(5%*AJ$5)*$B18,$C18*AJ$5) -> 918.81872 | AK18: =IF($C18*AK$5>(5%*AK$5),(5%*AK$5)*$B18,$C18*AK$5) -> 914.5309 | AL18: =IF($C18*AL$5>(5%*AL$5),(5%*AL$5)*$B18,$C18*AL$5) -> 910.26309 | AM18: =IF($C18*AM$5>(5%*AM$5),(5%*AM$5)*$B18,$C18*AM$5) -> 906.0152 | AN18: =IF($C18*AN$5>(5%*AN$5),(5%*AN$5)*$B18,$C18*AN$5) -> 901.78713 | AO18: =IF($C18*AO$5>(5%*AO$5),(5%*AO$5)*$B18,$C18*AO$5) -> 897.57879 | ... AS18: =IF($C18*AS$5>(5%*AS$5),(5%*AS$5)*$B18,$C18*AS$5) -> 880.9409 | AW18: =IF($C18*AW$5>(5%*AW$5),(5%*AW$5)*$B18,$C18*AW$5) -> 1236.6064 | AX18: =IF($C18*AX$5>(5%*AX$5),(5%*AX$5)*$B18,$C18*AX$5) -> 1229.5989 | AY18: =IF($C18*AY$5>(5%*AY$5),(5%*AY$5)*$B18,$C18*AY$5) -> 1222.6312 | AZ18: =IF($C18*AZ$5>(5%*AZ$5),(5%*AZ$5)*$B18,$C18*AZ$5) -> 1215.703 | BA18: =IF($C18*BA$5>(5%*BA$5),(5%*BA$5)*$B18,$C18*BA$5) -> 1208.814 | BB18: =IF($C18*BB$5>(5%*BB$5),(5%*BB$5)*$B18,$C18*BB$5) -> 1201.964 | BC18: =IF($C18*BC$5>(5%*BC$5),(5%*BC$5)*$B18,$C18*BC$5) -> 1195.1529 | BD18: =IF($C18*BD$5>(5%*BD$5),(5%*BD$5)*$B18,$C18*BD$5) -> 1188.3804 | ... BH18: =IF($C18*BH$5>(5%*BH$5),(5%*BH$5)*$B18,$C18*BH$5) -> 1161.6718 | BL18: =IF($C18*BL$5>(5%*BL$5),(5%*BL$5)*$B18,$C18*BL$5) -> 1545.7579 | BM18: =IF($C18*BM$5>(5%*BM$5),(5%*BM$5)*$B18,$C18*BM$5) -> 1535.4529 | BN18: =IF($C18*BN$5>(5%*BN$5),(5%*BN$5)*$B18,$C18*BN$5) -> 1525.2165 | BO18: =IF($C18*BO$5>(5%*BO$5),(5%*BO$5)*$B18,$C18*BO$5) -> 1515.0484 | BP18: =IF($C18*BP$5>(5%*BP$5),(5%*BP$5)*$B18,$C18*BP$5) -> 1504.9481 | BQ18: =IF($C18*BQ$5>(5%*BQ$5),(5%*BQ$5)*$B18,$C18*BQ$5) -> 1494.9151 | BR18: =IF($C18*BR$5>(5%*BR$5),(5%*BR$5)*$B18,$C18*BR$5) -> 1484.949 | BS18: =IF($C18*BS$5>(5%*BS$5),(5%*BS$5)*$B18,$C18*BS$5) -> 1475.0494 | ... BW18: =IF($C18*BW$5>(5%*BW$5),(5%*BW$5)*$B18,$C18*BW$5) -> 1436.1063
A19: 12 | B19: 0.1 | C19: =B19/SUM($B$8:$B$107) -> 0.0017565431 | D19: =IF($C19*D$5>(5%*D$5),(5%*D$5)*$B19,$C19*D$5) -> 43.913578 | E19: =IF($C19*E$5>(5%*E$5),(5%*E$5)*$B19,$C19*E$5) -> 43.785497 | F19: =IF($C19*F$5>(5%*F$5),(5%*F$5)*$B19,$C19*F$5) -> 43.657789 | G19: =IF($C19*G$5>(5%*G$5),(5%*G$5)*$B19,$C19*G$5) -> 43.530454 | H19: =IF($C19*H$5>(5%*H$5),(5%*H$5)*$B19,$C19*H$5) -> 43.40349 | I19: =IF($C19*I$5>(5%*I$5),(5%*I$5)*$B19,$C19*I$5) -> 43.276897 | J19: =IF($C19*J$5>(5%*J$5),(5%*J$5)*$B19,$C19*J$5) -> 43.150672 | K19: =IF($C19*K$5>(5%*K$5),(5%*K$5)*$B19,$C19*K$5) -> 43.024816 | ... O19: =IF($C19*O$5>(5%*O$5),(5%*O$5)*$B19,$C19*O$5) -> 42.525052 | S19: =IF($C19*S$5>(5%*S$5),(5%*S$5)*$B19,$C19*S$5) -> 87.827156 | T19: =IF($C19*T$5>(5%*T$5),(5%*T$5)*$B19,$C19*T$5) -> 87.46121 | U19: =IF($C19*U$5>(5%*U$5),(5%*U$5)*$B19,$C19*U$5) -> 87.096788 | V19: =IF($C19*V$5>(5%*V$5),(5%*V$5)*$B19,$C19*V$5) -> 86.733885 | W19: =IF($C19*W$5>(5%*W$5),(5%*W$5)*$B19,$C19*W$5) -> 86.372493 | X19: =IF($C19*X$5>(5%*X$5),(5%*X$5)*$B19,$C19*X$5) -> 86.012608 | Y19: =IF($C19*Y$5>(5%*Y$5),(5%*Y$5)*$B19,$C19*Y$5) -> 85.654222 | Z19: =IF($C19*Z$5>(5%*Z$5),(5%*Z$5)*$B19,$C19*Z$5) -> 85.29733 | ... AD19: =IF($C19*AD$5>(5%*AD$5),(5%*AD$5)*$B19,$C19*AD$5) -> 83.884568 | AH19: =IF($C19*AH$5>(5%*AH$5),(5%*AH$5)*$B19,$C19*AH$5) -> 105.39259 | AI19: =IF($C19*AI$5>(5%*AI$5),(5%*AI$5)*$B19,$C19*AI$5) -> 104.90076 | AJ19: =IF($C19*AJ$5>(5%*AJ$5),(5%*AJ$5)*$B19,$C19*AJ$5) -> 104.41122 | AK19: =IF($C19*AK$5>(5%*AK$5),(5%*AK$5)*$B19,$C19*AK$5) -> 103.92397 | AL19: =IF($C19*AL$5>(5%*AL$5),(5%*AL$5)*$B19,$C19*AL$5) -> 103.43899 | AM19: =IF($C19*AM$5>(5%*AM$5),(5%*AM$5)*$B19,$C19*AM$5) -> 102.95627 | AN19: =IF($C19*AN$5>(5%*AN$5),(5%*AN$5)*$B19,$C19*AN$5) -> 102.47581 | AO19: =IF($C19*AO$5>(5%*AO$5),(5%*AO$5)*$B19,$C19*AO$5) -> 101.99759 | ... AS19: =IF($C19*AS$5>(5%*AS$5),(5%*AS$5)*$B19,$C19*AS$5) -> 100.10692 | AW19: =IF($C19*AW$5>(5%*AW$5),(5%*AW$5)*$B19,$C19*AW$5) -> 140.52345 | AX19: =IF($C19*AX$5>(5%*AX$5),(5%*AX$5)*$B19,$C19*AX$5) -> 139.72715 | AY19: =IF($C19*AY$5>(5%*AY$5),(5%*AY$5)*$B19,$C19*AY$5) -> 138.93536 | AZ19: =IF($C19*AZ$5>(5%*AZ$5),(5%*AZ$5)*$B19,$C19*AZ$5) -> 138.14806 | BA19: =IF($C19*BA$5>(5%*BA$5),(5%*BA$5)*$B19,$C19*BA$5) -> 137.36522 | BB19: =IF($C19*BB$5>(5%*BB$5),(5%*BB$5)*$B19,$C19*BB$5) -> 136.58682 | BC19: =IF($C19*BC$5>(5%*BC$5),(5%*BC$5)*$B19,$C19*BC$5) -> 135.81283 | BD19: =IF($C19*BD$5>(5%*BD$5),(5%*BD$5)*$B19,$C19*BD$5) -> 135.04322 | ... BH19: =IF($C19*BH$5>(5%*BH$5),(5%*BH$5)*$B19,$C19*BH$5) -> 132.00816 | BL19: =IF($C19*BL$5>(5%*BL$5),(5%*BL$5)*$B19,$C19*BL$5) -> 175.65431 | BM19: =IF($C19*BM$5>(5%*BM$5),(5%*BM$5)*$B19,$C19*BM$5) -> 174.48328 | BN19: =IF($C19*BN$5>(5%*BN$5),(5%*BN$5)*$B19,$C19*BN$5) -> 173.32006 | BO19: =IF($C19*BO$5>(5%*BO$5),(5%*BO$5)*$B19,$C19*BO$5) -> 172.16459 | BP19: =IF($C19*BP$5>(5%*BP$5),(5%*BP$5)*$B19,$C19*BP$5) -> 171.01683 | BQ19: =IF($C19*BQ$5>(5%*BQ$5),(5%*BQ$5)*$B19,$C19*BQ$5) -> 169.87672 | BR19: =IF($C19*BR$5>(5%*BR$5),(5%*BR$5)*$B19,$C19*BR$5) -> 168.74421 | BS19: =IF($C19*BS$5>(5%*BS$5),(5%*BS$5)*$B19,$C19*BS$5) -> 167.61925 | ... BW19: =IF($C19*BW$5>(5%*BW$5),(5%*BW$5)*$B19,$C19*BW$5) -> 163.1939
... A107: 100 | B107: 0.42 | C107: =B107/SUM($B$8:$B$107) -> 0.0073774811 | D107: =IF($C107*D$5>(5%*D$5),(5%*D$5)*$B107,$C107*D$5) -> 184.43703 | E107: =IF($C107*E$5>(5%*E$5),(5%*E$5)*$B107,$C107*E$5) -> 183.89909 | F107: =IF($C107*F$5>(5%*F$5),(5%*F$5)*$B107,$C107*F$5) -> 183.36271 | G107: =IF($C107*G$5>(5%*G$5),(5%*G$5)*$B107,$C107*G$5) -> 182.82791 | H107: =IF($C107*H$5>(5%*H$5),(5%*H$5)*$B107,$C107*H$5) -> 182.29466 | I107: =IF($C107*I$5>(5%*I$5),(5%*I$5)*$B107,$C107*I$5) -> 181.76297 | J107: =IF($C107*J$5>(5%*J$5),(5%*J$5)*$B107,$C107*J$5) -> 181.23282 | K107: =IF($C107*K$5>(5%*K$5),(5%*K$5)*$B107,$C107*K$5) -> 180.70423 | ... O107: =IF($C107*O$5>(5%*O$5),(5%*O$5)*$B107,$C107*O$5) -> 178.60522 | S107: =IF($C107*S$5>(5%*S$5),(5%*S$5)*$B107,$C107*S$5) -> 368.87406 | T107: =IF($C107*T$5>(5%*T$5),(5%*T$5)*$B107,$C107*T$5) -> 367.33708 | U107: =IF($C107*U$5>(5%*U$5),(5%*U$5)*$B107,$C107*U$5) -> 365.80651 | V107: =IF($C107*V$5>(5%*V$5),(5%*V$5)*$B107,$C107*V$5) -> 364.28232 | W107: =IF($C107*W$5>(5%*W$5),(5%*W$5)*$B107,$C107*W$5) -> 362.76447 | X107: =IF($C107*X$5>(5%*X$5),(5%*X$5)*$B107,$C107*X$5) -> 361.25295 | Y107: =IF($C107*Y$5>(5%*Y$5),(5%*Y$5)*$B107,$C107*Y$5) -> 359.74773 | Z107: =IF($C107*Z$5>(5%*Z$5),(5%*Z$5)*$B107,$C107*Z$5) -> 358.24878 | ... AD107: =IF($C107*AD$5>(5%*AD$5),(5%*AD$5)*$B107,$C107*AD$5) -> 352.31519 | AH107: =IF($C107*AH$5>(5%*AH$5),(5%*AH$5)*$B107,$C107*AH$5) -> 442.64887 | AI107: =IF($C107*AI$5>(5%*AI$5),(5%*AI$5)*$B107,$C107*AI$5) -> 440.58317 | AJ107: =IF($C107*AJ$5>(5%*AJ$5),(5%*AJ$5)*$B107,$C107*AJ$5) -> 438.52712 | AK107: =IF($C107*AK$5>(5%*AK$5),(5%*AK$5)*$B107,$C107*AK$5) -> 436.48066 | AL107: =IF($C107*AL$5>(5%*AL$5),(5%*AL$5)*$B107,$C107*AL$5) -> 434.44375 | AM107: =IF($C107*AM$5>(5%*AM$5),(5%*AM$5)*$B107,$C107*AM$5) -> 432.41634 | AN107: =IF($C107*AN$5>(5%*AN$5),(5%*AN$5)*$B107,$C107*AN$5) -> 430.3984 | AO107: =IF($C107*AO$5>(5%*AO$5),(5%*AO$5)*$B107,$C107*AO$5) -> 428.38987 | ... AS107: =IF($C107*AS$5>(5%*AS$5),(5%*AS$5)*$B107,$C107*AS$5) -> 420.44907 | AW107: =IF($C107*AW$5>(5%*AW$5),(5%*AW$5)*$B107,$C107*AW$5) -> 590.19849 | AX107: =IF($C107*AX$5>(5%*AX$5),(5%*AX$5)*$B107,$C107*AX$5) -> 586.85403 | AY107: =IF($C107*AY$5>(5%*AY$5),(5%*AY$5)*$B107,$C107*AY$5) -> 583.52853 | AZ107: =IF($C107*AZ$5>(5%*AZ$5),(5%*AZ$5)*$B107,$C107*AZ$5) -> 580.22186 | BA107: =IF($C107*BA$5>(5%*BA$5),(5%*BA$5)*$B107,$C107*BA$5) -> 576.93394 | BB107: =IF($C107*BB$5>(5%*BB$5),(5%*BB$5)*$B107,$C107*BB$5) -> 573.66465 | BC107: =IF($C107*BC$5>(5%*BC$5),(5%*BC$5)*$B107,$C107*BC$5) -> 570.41388 | BD107: =IF($C107*BD$5>(5%*BD$5),(5%*BD$5)*$B107,$C107*BD$5) -> 567.18154 | ... BH107: =IF($C107*BH$5>(5%*BH$5),(5%*BH$5)*$B107,$C107*BH$5) -> 554.43429 | BL107: =IF($C107*BL$5>(5%*BL$5),(5%*BL$5)*$B107,$C107*BL$5) -> 737.74811 | BM107: =IF($C107*BM$5>(5%*BM$5),(5%*BM$5)*$B107,$C107*BM$5) -> 732.82979 | BN107: =IF($C107*BN$5>(5%*BN$5),(5%*BN$5)*$B107,$C107*BN$5) -> 727.94426 | BO107: =IF($C107*BO$5>(5%*BO$5),(5%*BO$5)*$B107,$C107*BO$5) -> 723.0913 | BP107: =IF($C107*BP$5>(5%*BP$5),(5%*BP$5)*$B107,$C107*BP$5) -> 718.27069 | BQ107: =IF($C107*BQ$5>(5%*BQ$5),(5%*BQ$5)*$B107,$C107*BQ$5) -> 713.48222 | BR107: =IF($C107*BR$5>(5%*BR$5),(5%*BR$5)*$B107,$C107*BR$5) -> 708.72567 | BS107: =IF($C107*BS$5>(5%*BS$5),(5%*BS$5)*$B107,$C107*BS$5) -> 704.00083 | ... BW107: =IF($C107*BW$5>(5%*BW$5),(5%*BW$5)*$B107,$C107*BW$5) -> 685.41438

Sheet Planilha1
I2: 0.3776 | K2: =I2/SUM($I$2:$I$4) -> 0.32869081 | L2: =K2*25000 -> 8217.2702 | M2: =5%*25000 -> 1250 | N2: =M2*I2 -> 472
I3: 0.1717 | K3: =I3/SUM($I$2:$I$4) -> 0.14946031 | L3: =K3*25000 -> 3736.5077 | M3: =5%*25000 -> 1250 | N3: =M3*I3 -> 214.625
I4: 0.5995 | K4: =I4/SUM($I$2:$I$4) -> 0.52184889 | L4: =K4*25000 -> 13046.222 | M4: =5%*25000 -> 1250 | N4: =M4*I4 -> 749.375

Sheet Year 2
D1: {=INDIRECT("'Year "&$A$2-1&"'!$P$4")} -> 14483341 | E1: =D1-(D5+D6) -> 14441097 | F1: =E1-(E5+E6) -> 14398978 | G1: =F1-(F5+F6) -> 14356981 | H1: =G1-(G5+G6) -> 14315106 | I1: =H1-(H5+H6) -> 14273354 | J1: =I1-(I5+I6) -> 14231723 | K1: =J1-(J5+J6) -> 14190214 | L1: =K1-(K5+K6) -> 14148826 | ... P1: =O1-(O5+O6) -> 13984477 | S1: {=INDIRECT("'Year "&$A$2-1&"'!$ae$4")} -> 14266951 | T1: =S1-(S5+S6) -> 14207505 | U1: =T1-(T5+T6) -> 14148307 | V1: =U1-(U5+U6) -> 14089356 | W1: =V1-(V5+V6) -> 14030651 | X1: =W1-(W5+W6) -> 13972189 | Y1: =X1-(X5+X6) -> 13913972 | Z1: =Y1-(Y5+Y6) -> 13855997 | AA1: =Z1-(Z5+Z6) -> 13798264 | ... AE1: =AD1-(AD5+AD6) -> 13569726 | AH1: {=INDIRECT("'Year "&$A$2-1&"'!$at$4")} -> 14181228 | AI1: =AH1-(AH5+AH6) -> 14115049 | AJ1: =AI1-(AI5+AI6) -> 14049179 | AK1: =AJ1-(AJ5+AJ6) -> 13983616 | AL1: =AK1-(AK5+AK6) -> 13918359 | AM1: =AL1-(AL5+AL6) -> 13853407 | AN1: =AM1-(AM5+AM6) -> 13788758 | AO1: =AN1-(AN5+AN6) -> 13724410 | AP1: =AO1-(AO5+AO6) -> 13660363 | ... AT1: =AS1-(AS5+AS6) -> 13407149 | AW1: {=INDIRECT("'Year "&$A$2-1&"'!$bi$4")} -> 14011197 | AX1: =AW1-(AW5+AW6) -> 13926197 | AY1: =AX1-(AX5+AX6) -> 13847282 | AZ1: =AY1-(AY5+AY6) -> 13768814 | BA1: =AZ1-(AZ5+AZ6) -> 13690791 | BB1: =BA1-(BA5+BA6) -> 13613210 | BC1: =BB1-(BB5+BB6) -> 13536068 | BD1: =BC1-(BC5+BC6) -> 13459364 | BE1: =BD1-(BD5+BD6) -> 13383094 | ... BI1: =BH1-(BH5+BH6) -> 13082313 | BL1: {=INDIRECT("'Year "&$A$2-1&"'!$bx$4")} -> 13843037 | BM1: =BL1-(BL5+BL6) -> 13743037 | BN1: =BM1-(BM5+BM6) -> 13651416 | BO1: =BN1-(BN5+BN6) -> 13560407 | BP1: =BO1-(BO5+BO6) -> 13470004 | BQ1: =BP1-(BP5+BP6) -> 13380204 | BR1: =BQ1-(BQ5+BQ6) -> 13291003 | BS1: =BR1-(BR5+BR6) -> 13202396 | BT1: =BS1-(BS5+BS6) -> 13114380 | ... BX1: =BW1-(BW5+BW6) -> 12768145
A2: 2 | B2: Burn | C2: Volume <= $50M | R2: Volume $50M - $200M | AG2: Volume $200M - $500M | AV2: Volume $500M – $1B | BK2: Volume > $1B
B3: =Simulations!$B$1 -> 0.25 | C3: 0.25 | D3: Jan | E3: Feb | F3: Mar | G3: Apr | H3: May | I3: Jun | J3: Jul | K3: Aug | L3: Sep | M3: Oct | N3: Nov | O3: Dec | P3: Remaining | R3: 0.5 | S3: Jan | T3: Feb | U3: Mar | V3: Apr | W3: May | X3: Jun | Y3: Jul | Z3: Aug | AA3: Sep | AB3: Oct | AC3: Nov | AD3: Dec | AE3: Remaining | AG3: 0.6 | AH3: Jan | AI3: Feb | AJ3: Mar | AK3: Apr | AL3: May | AM3: Jun | AN3: Jul | AO3: Aug | AP3: Sep | AQ3: Oct | AR3: Nov | AS3: Dec | AT3: Remaining | AV3: 0.8 | AW3: Jan | AX3: Feb | AY3: Mar | AZ3: Apr | BA3: May | BB3: Jun | BC3: Jul | BD3: Aug | BE3: Sep | BF3: Oct | BG3: Nov | BH3: Dec | BI3: Remaining | BK3: 1 | BL3: Jan | BM3: Feb | BN3: Mar | BO3: Apr | BP3: May | BQ3: Jun | BR3: Jul | BS3: Aug | BT3: Sep | BU3: Oct | BV3: Nov | BW3: Dec | BX3: Remaining
C4: Monthly maximum | D4: {=INDIRECT("Simulations!$c$"&$A$2+3)*(D1/12)} -> 96555.604 | E4: {=INDIRECT("Simulations!$c$"&$A$2+3)*(E1/12)} -> 96273.983 | F4: {=INDIRECT("Simulations!$c$"&$A$2+3)*(F1/12)} -> 95993.184 | G4: {=INDIRECT("Simulations!$c$"&$A$2+3)*(G1/12)} -> 95713.204 | H4: {=INDIRECT("Simulations!$c$"&$A$2+3)*(H1/12)} -> 95434.04 | I4: {=INDIRECT("Simulations!$c$"&$A$2+3)*(I1/12)} -> 95155.691 | J4: {=INDIRECT("Simulations!$c$"&$A$2+3)*(J1/12)} -> 94878.154 | K4: {=INDIRECT("Simulations!$c$"&$A$2+3)*(K1/12)} -> 94601.426 | ... O4: {=INDIRECT("Simulations!$c$"&$A$2+3)*(O1/12)} -> 93502.562 | P4: =$D$1-($P$5+$P$6) -> 13984477 | R4: Monthly maximum | S4: {=INDIRECT("Simulations!$c$"&$A$2+3)*(S1/12)} -> 95113.007 | T4: {=(INDIRECT("Simulations!$c$"&$A$2+3)*(T1/12))} -> 94716.703 | U4: {=(INDIRECT("Simulations!$c$"&$A$2+3)*(U1/12))} -> 94322.05 | V4: {=(INDIRECT("Simulations!$c$"&$A$2+3)*(V1/12))} -> 93929.041 | W4: {=(INDIRECT("Simulations!$c$"&$A$2+3)*(W1/12))} -> 93537.67 | X4: {=(INDIRECT("Simulations!$c$"&$A$2+3)*(X1/12))} -> 93147.93 | Y4: {=(INDIRECT("Simulations!$c$"&$A$2+3)*(Y1/12))} -> 92759.813 | Z4: {=(INDIRECT("Simulations!$c$"&$A$2+3)*(Z1/12))} -> 92373.314 | AA4: {=(INDIRECT("Simulations!$c$"&$A$2+3)*(AA1/12))} -> 91988.425 | ... AD4: {=(INDIRECT("Simulations!$c$"&$A$2+3)*(AD1/12))} -> 90843.354 | AE4: =$S$1-($AE$5+$AE$6) -> 13569726 | AG4: Monthly maximum | AH4: {=INDIRECT("Simulations!$c$"&$A$2+3)*(AH1/12)} -> 94541.521 | AI4: {=INDIRECT("Simulations!$c$"&$A$2+3)*(AI1/12)} -> 94100.327 | AJ4: {=INDIRECT("Simulations!$c$"&$A$2+3)*(AJ1/12)} -> 93661.192 | AK4: {=INDIRECT("Simulations!$c$"&$A$2+3)*(AK1/12)} -> 93224.107 | AL4: {=INDIRECT("Simulations!$c$"&$A$2+3)*(AL1/12)} -> 92789.061 | AM4: {=INDIRECT("Simulations!$c$"&$A$2+3)*(AM1/12)} -> 92356.045 | AN4: {=INDIRECT("Simulations!$c$"&$A$2+3)*(AN1/12)} -> 91925.05 | AO4: {=INDIRECT("Simulations!$c$"&$A$2+3)*(AO1/12)} -> 91496.067 | ... AS4: {=INDIRECT("Simulations!$c$"&$A$2+3)*(AS1/12)} -> 89800.058 | AT4: =$AH$1-($AT$5+$AT$6) -> 13407149 | AV4: Monthly maximum | AW4: 100000 | AX4: {=(INDIRECT("Simulations!$c$"&$A$2+3)*(AX1/12))} -> 92841.314 | AY4: {=(INDIRECT("Simulations!$c$"&$A$2+3)*(AY1/12))} -> 92315.213 | AZ4: {=(INDIRECT("Simulations!$c$"&$A$2+3)*(AZ1/12))} -> 91792.094 | BA4: {=(INDIRECT("Simulations!$c$"&$A$2+3)*(BA1/12))} -> 91271.939 | BB4: {=(INDIRECT("Simulations!$c$"&$A$2+3)*(BB1/12))} -> 90754.731 | BC4: {=(INDIRECT("Simulations!$c$"&$A$2+3)*(BC1/12))} -> 90240.454 | BD4: {=(INDIRECT("Simulations!$c$"&$A$2+3)*(BD1/12))} -> 89729.092 | BE4: {=(INDIRECT("Simulations!$c$"&$A$2+3)*(BE1/12))} -> 89220.627 | ... BH4: {=(INDIRECT("Simulations!$c$"&$A$2+3)*(BH1/12))} -> 87712.455 | BI4: =$AW$1-($BI$5+$BI$6) -> 13082313 | BK4: Monthly maximum | BL4: {=INDIRECT("Simulations!$c$"&$A$2+3)*Simulations!$D$1/12} -> 100000 | BM4: {=INDIRECT("Simulations!$c$"&$A$2+3)*(BM1/12)} -> 91620.245 | BN4: {=INDIRECT("Simulations!$c$"&$A$2+3)*(BN1/12)} -> 91009.443 | BO4: {=INDIRECT("Simulations!$c$"&$A$2+3)*(BO1/12)} -> 90402.714 | BP4: {=INDIRECT("Simulations!$c$"&$A$2+3)*(BP1/12)} -> 89800.029 | BQ4: {=INDIRECT("Simulations!$c$"&$A$2+3)*(BQ1/12)} -> 89201.362 | BR4: {=INDIRECT("Simulations!$c$"&$A$2+3)*(BR1/12)} -> 88606.686 | BS4: {=INDIRECT("Simulations!$c$"&$A$2+3)*(BS1/12)} -> 88015.975 | BT4: {=INDIRECT("Simulations!$c$"&$A$2+3)*(BT1/12)} -> 87429.202 | ... BW4: {=INDIRECT("Simulations!$c$"&$A$2+3)*(BW1/12)} -> 85692.249 | BX4: =$BL$1-($BX$5+$BX$6) -> 12768145
C5: Total Distributed | D5: =$C$3*D4 -> 24138.901 | E5: =$C$3*E4 -> 24068.496 | F5: =$C$3*F4 -> 23998.296 | G5: =$C$3*G4 -> 23928.301 | H5: =$C$3*H4 -> 23858.51 | I5: =$C$3*I4 -> 23788.923 | J5: =$C$3*J4 -> 23719.538 | K5: =$C$3*K4 -> 23650.356 | ... O5: =$C$3*O4 -> 23375.64 | P5: =SUM(D5:O5) -> 285064.95 | R5: Total Distributed | S5: =$R$3*S4 -> 47556.503 | T5: =$R$3*T4 -> 47358.351 | U5: =$R$3*U4 -> 47161.025 | V5: =$R$3*V4 -> 46964.521 | W5: =$R$3*W4 -> 46768.835 | X5: =$R$3*X4 -> 46573.965 | Y5: =$R$3*Y4 -> 46379.907 | Z5: =$R$3*Z4 -> 46186.657 | ... AD5: =$R$3*AD4 -> 45421.677 | AE5: =SUM(S5:AD5) -> 557779.95 | AG5: Total Distributed | AH5: =$AG$3*AH4 -> 56724.912 | AI5: =$AG$3*AI4 -> 56460.196 | AJ5: =$AG$3*AJ4 -> 56196.715 | AK5: =$AG$3*AK4 -> 55934.464 | AL5: =$AG$3*AL4 -> 55673.436 | AM5: =$AG$3*AM4 -> 55413.627 | AN5: =$AG$3*AN4 -> 55155.03 | AO5: =$AG$3*AO4 -> 54897.64 | ... AS5: =$AG$3*AS4 -> 53880.035 | AT5: =SUM(AH5:AS5) -> 663496.62 | AV5: Total Distributed | AW5: =$AV$3*AW4 -> 80000 | AX5: =$AV$3*AX4 -> 74273.051 | AY5: =$AV$3*AY4 -> 73852.171 | AZ5: =$AV$3*AZ4 -> 73433.675 | BA5: =$AV$3*BA4 -> 73017.551 | BB5: =$AV$3*BB4 -> 72603.785 | BC5: =$AV$3*BC4 -> 72192.363 | BD5: =$AV$3*BD4 -> 71783.273 | ... BH5: =$AV$3*BH4 -> 70169.964 | BI5: =SUM(AW5:BH5) -> 874244.23 | BK5: Total Distributed | BL5: =$BK$3*BL4 -> 100000 | BM5: =$BK$3*BM4 -> 91620.245 | BN5: =$BK$3*BN4 -> 91009.443 | BO5: =$BK$3*BO4 -> 90402.714 | BP5: =$BK$3*BP4 -> 89800.029 | BQ5: =$BK$3*BQ4 -> 89201.362 | BR5: =$BK$3*BR4 -> 88606.686 | BS5: =$BK$3*BS4 -> 88015.975 | ... BW5: =$BK$3*BW4 -> 85692.249 | BX5: =SUM(BL5:BW5) -> 1074891.6
C6: Total Burned | D6: =$B$3*(D4-D5) -> 18104.176 | E6: =$B$3*(E4-E5) -> 18051.372 | F6: =$B$3*(F4-F5) -> 17998.722 | G6: =$B$3*(G4-G5) -> 17946.226 | H6: =$B$3*(H4-H5) -> 17893.883 | I6: =$B$3*(I4-I5) -> 17841.692 | J6: =$B$3*(J4-J5) -> 17789.654 | K6: =$B$3*(K4-K5) -> 17737.767 | ... O6: =$B$3*(O4-O5) -> 17531.73 | P6: =SUM(D6:O6) -> 213798.72 | R6: Total Burned | S6: =$B$3*(S4-S5) -> 11889.126 | T6: =$B$3*(T4-T5) -> 11839.588 | U6: =$B$3*(U4-U5) -> 11790.256 | V6: =$B$3*(V4-V5) -> 11741.13 | W6: =$B$3*(W4-W5) -> 11692.209 | X6: =$B$3*(X4-X5) -> 11643.491 | Y6: =$B$3*(Y4-Y5) -> 11594.977 | Z6: =$B$3*(Z4-Z5) -> 11546.664 | ... AD6: =$B$3*(AD4-AD5) -> 11355.419 | AE6: =SUM(S6:AD6) -> 139444.99 | AG6: Total Burned | AH6: =$B$3*(AH4-AH5) -> 9454.1521 | AI6: =$B$3*(AI4-AI5) -> 9410.0327 | AJ6: =$B$3*(AJ4-AJ5) -> 9366.1192 | AK6: =$B$3*(AK4-AK5) -> 9322.4107 | AL6: =$B$3*(AL4-AL5) -> 9278.9061 | AM6: =$B$3*(AM4-AM5) -> 9235.6045 | AN6: =$B$3*(AN4-AN5) -> 9192.505 | AO6: =$B$3*(AO4-AO5) -> 9149.6067 | ... AS6: =$B$3*(AS4-AS5) -> 8980.0058 | AT6: =SUM(AH6:AS6) -> 110582.77 | AV6: Total Burned | AW6: =$B$3*(AW4-AW5) -> 5000 | AX6: =$B$3*(AX4-AX5) -> 4642.0657 | AY6: =$B$3*(AY4-AY5) -> 4615.7607 | AZ6: =$B$3*(AZ4-AZ5) -> 4589.6047 | BA6: =$B$3*(BA4-BA5) -> 4563.5969 | BB6: =$B$3*(BB4-BB5) -> 4537.7365 | BC6: =$B$3*(BC4-BC5) -> 4512.0227 | BD6: =$B$3*(BD4-BD5) -> 4486.4546 | ... BH6: =$B$3*(BH4-BH5) -> 4385.6227 | BI6: =SUM(AW6:BH6) -> 54640.264 | BK6: Total Burned | BL6: =$B$3*(BL4-BL5) -> 0 | BM6: =$B$3*(BM4-BM5) -> 0 | BN6: =$B$3*(BN4-BN5) -> 0 | BO6: =$B$3*(BO4-BO5) -> 0 | BP6: =$B$3*(BP4-BP5) -> 0 | BQ6: =$B$3*(BQ4-BQ5) -> 0 | BR6: =$B$3*(BR4-BR5) -> 0 | BS6: =$B$3*(BS4-BS5) -> 0 | ... BW6: =$B$3*(BW4-BW5) -> 0 | BX6: =SUM(BL6:BW6) -> 0
A7: User | B7: User Score | C7: Pool Participation | D7: User Receives | E7: User Receives | F7: User Receives | G7: User Receives | H7: User Receives | I7: User Receives | J7: User Receives | K7: User Receives | L7: User Receives | M7: User Receives | N7: User Receives | O7: User Receives | S7: User Receives | T7: User Receives | U7: User Receives | V7: User Receives | W7: User Receives | X7: User Receives | Y7: User Receives | Z7: User Receives | AA7: User Receives | AB7: User Receives | AC7: User Receives | AD7: User Receives | AH7: User Receives | AI7: User Receives | AJ7: User Receives | AK7: User Receives | AL7: User Receives | AM7: User Receives | AN7: User Receives | AO7: User Receives | AP7: User Receives | AQ7: User Receives | AR7: User Receives | AS7: User Receives | AW7: User Receives | AX7: User Receives | AY7: User Receives | AZ7: User Receives | BA7: User Receives | BB7: User Receives | BC7: User Receives | BD7: User Receives | BE7: User Receives | BF7: User Receives | BG7: User Receives | BH7: User Receives | BL7: User Receives | BM7: User Receives | BN7: User Receives | BO7: User Receives | BP7: User Receives | BQ7: User Receives | BR7: User Receives | BS7: User Receives | BT7: User Receives | BU7: User Receives | BV7: User Receives | BW7: User Receives
A8: 1 | B8: 1.1 | C8: =B8/SUM($B$8:$B$107) -> 0.019321974 | D8: =IF($C8*D$5>(5%*D$5),(5%*D$5)*$B8,$C8*D$5) -> 466.41122 | E8: =IF($C8*E$5>(5%*E$5),(5%*E$5)*$B8,$C8*E$5) -> 465.05086 | F8: =IF($C8*F$5>(5%*F$5),(5%*F$5)*$B8,$C8*F$5) -> 463.69446 | G8: =IF($C8*G$5>(5%*G$5),(5%*G$5)*$B8,$C8*G$5) -> 462.34202 | H8: =IF($C8*H$5>(5%*H$5),(5%*H$5)*$B8,$C8*H$5) -> 460.99352 | I8: =IF($C8*I$5>(5%*I$5),(5%*I$5)*$B8,$C8*I$5) -> 459.64896 | J8: =IF($C8*J$5>(5%*J$5),(5%*J$5)*$B8,$C8*J$5) -> 458.30831 | K8: =IF($C8*K$5>(5%*K$5),(5%*K$5)*$B8,$C8*K$5) -> 456.97158 | ... O8: =IF($C8*O$5>(5%*O$5),(5%*O$5)*$B8,$C8*O$5) -> 451.66352 | S8: =IF($C8*S$5>(5%*S$5),(5%*S$5)*$B8,$C8*S$5) -> 918.88554 | T8: =IF($C8*T$5>(5%*T$5),(5%*T$5)*$B8,$C8*T$5) -> 915.05685 | U8: =IF($C8*U$5>(5%*U$5),(5%*U$5)*$B8,$C8*U$5) -> 911.24411 | V8: =IF($C8*V$5>(5%*V$5),(5%*V$5)*$B8,$C8*V$5) -> 907.44726 | W8: =IF($C8*W$5>(5%*W$5),(5%*W$5)*$B8,$C8*W$5) -> 903.66623 | X8: =IF($C8*X$5>(5%*X$5),(5%*X$5)*$B8,$C8*X$5) -> 899.90096 | Y8: =IF($C8*Y$5>(5%*Y$5),(5%*Y$5)*$B8,$C8*Y$5) -> 896.15137 | Z8: =IF($C8*Z$5>(5%*Z$5),(5%*Z$5)*$B8,$C8*Z$5) -> 892.4174 | ... AD8: =IF($C8*AD$5>(5%*AD$5),(5%*AD$5)*$B8,$C8*AD$5) -> 877.63648 | AH8: =IF($C8*AH$5>(5%*AH$5),(5%*AH$5)*$B8,$C8*AH$5) -> 1096.0373 | AI8: =IF($C8*AI$5>(5%*AI$5),(5%*AI$5)*$B8,$C8*AI$5) -> 1090.9225 | AJ8: =IF($C8*AJ$5>(5%*AJ$5),(5%*AJ$5)*$B8,$C8*AJ$5) -> 1085.8315 | AK8: =IF($C8*AK$5>(5%*AK$5),(5%*AK$5)*$B8,$C8*AK$5) -> 1080.7643 | AL8: =IF($C8*AL$5>(5%*AL$5),(5%*AL$5)*$B8,$C8*AL$5) -> 1075.7207 | AM8: =IF($C8*AM$5>(5%*AM$5),(5%*AM$5)*$B8,$C8*AM$5) -> 1070.7007 | AN8: =IF($C8*AN$5>(5%*AN$5),(5%*AN$5)*$B8,$C8*AN$5) -> 1065.7041 | AO8: =IF($C8*AO$5>(5%*AO$5),(5%*AO$5)*$B8,$C8*AO$5) -> 1060.7308 | ... AS8: =IF($C8*AS$5>(5%*AS$5),(5%*AS$5)*$B8,$C8*AS$5) -> 1041.0687 | AW8: =IF($C8*AW$5>(5%*AW$5),(5%*AW$5)*$B8,$C8*AW$5) -> 1545.7579 | AX8: =IF($C8*AX$5>(5%*AX$5),(5%*AX$5)*$B8,$C8*AX$5) -> 1435.102 | AY8: =IF($C8*AY$5>(5%*AY$5),(5%*AY$5)*$B8,$C8*AY$5) -> 1426.9697 | AZ8: =IF($C8*AZ$5>(5%*AZ$5),(5%*AZ$5)*$B8,$C8*AZ$5) -> 1418.8836 | BA8: =IF($C8*BA$5>(5%*BA$5),(5%*BA$5)*$B8,$C8*BA$5) -> 1410.8432 | BB8: =IF($C8*BB$5>(5%*BB$5),(5%*BB$5)*$B8,$C8*BB$5) -> 1402.8485 | BC8: =IF($C8*BC$5>(5%*BC$5),(5%*BC$5)*$B8,$C8*BC$5) -> 1394.899 | BD8: =IF($C8*BD$5>(5%*BD$5),(5%*BD$5)*$B8,$C8*BD$5) -> 1386.9946 | ... BH8: =IF($C8*BH$5>(5%*BH$5),(5%*BH$5)*$B8,$C8*BH$5) -> 1355.8222 | BL8: =IF($C8*BL$5>(5%*BL$5),(5%*BL$5)*$B8,$C8*BL$5) -> 1932.1974 | BM8: =IF($C8*BM$5>(5%*BM$5),(5%*BM$5)*$B8,$C8*BM$5) -> 1770.284 | BN8: =IF($C8*BN$5>(5%*BN$5),(5%*BN$5)*$B8,$C8*BN$5) -> 1758.4821 | BO8: =IF($C8*BO$5>(5%*BO$5),(5%*BO$5)*$B8,$C8*BO$5) -> 1746.7589 | BP8: =IF($C8*BP$5>(5%*BP$5),(5%*BP$5)*$B8,$C8*BP$5) -> 1735.1139 | BQ8: =IF($C8*BQ$5>(5%*BQ$5),(5%*BQ$5)*$B8,$C8*BQ$5) -> 1723.5464 | BR8: =IF($C8*BR$5>(5%*BR$5),(5%*BR$5)*$B8,$C8*BR$5) -> 1712.0561 | BS8: =IF($C8*BS$5>(5%*BS$5),(5%*BS$5)*$B8,$C8*BS$5) -> 1700.6424 | ... BW8: =IF($C8*BW$5>(5%*BW$5),(5%*BW$5)*$B8,$C8*BW$5) -> 1655.7434
A9: 2 | B9: 0.43 | C9: =B9/SUM($B$8:$B$107) -> 0.0075531354 | D9: =IF($C9*D$5>(5%*D$5),(5%*D$5)*$B9,$C9*D$5) -> 182.32439 | E9: =IF($C9*E$5>(5%*E$5),(5%*E$5)*$B9,$C9*E$5) -> 181.79261 | F9: =IF($C9*F$5>(5%*F$5),(5%*F$5)*$B9,$C9*F$5) -> 181.26238 | G9: =IF($C9*G$5>(5%*G$5),(5%*G$5)*$B9,$C9*G$5) -> 180.7337 | H9: =IF($C9*H$5>(5%*H$5),(5%*H$5)*$B9,$C9*H$5) -> 180.20656 | I9: =IF($C9*I$5>(5%*I$5),(5%*I$5)*$B9,$C9*I$5) -> 179.68096 | J9: =IF($C9*J$5>(5%*J$5),(5%*J$5)*$B9,$C9*J$5) -> 179.15689 | K9: =IF($C9*K$5>(5%*K$5),(5%*K$5)*$B9,$C9*K$5) -> 178.63434 | ... O9: =IF($C9*O$5>(5%*O$5),(5%*O$5)*$B9,$C9*O$5) -> 176.55938 | S9: =IF($C9*S$5>(5%*S$5),(5%*S$5)*$B9,$C9*S$5) -> 359.20071 | T9: =IF($C9*T$5>(5%*T$5),(5%*T$5)*$B9,$C9*T$5) -> 357.70404 | U9: =IF($C9*U$5>(5%*U$5),(5%*U$5)*$B9,$C9*U$5) -> 356.21361 | V9: =IF($C9*V$5>(5%*V$5),(5%*V$5)*$B9,$C9*V$5) -> 354.72938 | W9: =IF($C9*W$5>(5%*W$5),(5%*W$5)*$B9,$C9*W$5) -> 353.25134 | X9: =IF($C9*X$5>(5%*X$5),(5%*X$5)*$B9,$C9*X$5) -> 351.77946 | Y9: =IF($C9*Y$5>(5%*Y$5),(5%*Y$5)*$B9,$C9*Y$5) -> 350.31372 | Z9: =IF($C9*Z$5>(5%*Z$5),(5%*Z$5)*$B9,$C9*Z$5) -> 348.85408 | ... AD9: =IF($C9*AD$5>(5%*AD$5),(5%*AD$5)*$B9,$C9*AD$5) -> 343.07608 | AH9: =IF($C9*AH$5>(5%*AH$5),(5%*AH$5)*$B9,$C9*AH$5) -> 428.45095 | AI9: =IF($C9*AI$5>(5%*AI$5),(5%*AI$5)*$B9,$C9*AI$5) -> 426.45151 | AJ9: =IF($C9*AJ$5>(5%*AJ$5),(5%*AJ$5)*$B9,$C9*AJ$5) -> 424.4614 | AK9: =IF($C9*AK$5>(5%*AK$5),(5%*AK$5)*$B9,$C9*AK$5) -> 422.48058 | AL9: =IF($C9*AL$5>(5%*AL$5),(5%*AL$5)*$B9,$C9*AL$5) -> 420.50901 | AM9: =IF($C9*AM$5>(5%*AM$5),(5%*AM$5)*$B9,$C9*AM$5) -> 418.54663 | AN9: =IF($C9*AN$5>(5%*AN$5),(5%*AN$5)*$B9,$C9*AN$5) -> 416.59341 | AO9: =IF($C9*AO$5>(5%*AO$5),(5%*AO$5)*$B9,$C9*AO$5) -> 414.64931 | ... AS9: =IF($C9*AS$5>(5%*AS$5),(5%*AS$5)*$B9,$C9*AS$5) -> 406.9632 | AW9: =IF($C9*AW$5>(5%*AW$5),(5%*AW$5)*$B9,$C9*AW$5) -> 604.25083 | AX9: =IF($C9*AX$5>(5%*AX$5),(5%*AX$5)*$B9,$C9*AX$5) -> 560.99441 | AY9: =IF($C9*AY$5>(5%*AY$5),(5%*AY$5)*$B9,$C9*AY$5) -> 557.81545 | AZ9: =IF($C9*AZ$5>(5%*AZ$5),(5%*AZ$5)*$B9,$C9*AZ$5) -> 554.65449 | BA9: =IF($C9*BA$5>(5%*BA$5),(5%*BA$5)*$B9,$C9*BA$5) -> 551.51145 | BB9: =IF($C9*BB$5>(5%*BB$5),(5%*BB$5)*$B9,$C9*BB$5) -> 548.38622 | BC9: =IF($C9*BC$5>(5%*BC$5),(5%*BC$5)*$B9,$C9*BC$5) -> 545.2787 | BD9: =IF($C9*BD$5>(5%*BD$5),(5%*BD$5)*$B9,$C9*BD$5) -> 542.18878 | ... BH9: =IF($C9*BH$5>(5%*BH$5),(5%*BH$5)*$B9,$C9*BH$5) -> 530.00324 | BL9: =IF($C9*BL$5>(5%*BL$5),(5%*BL$5)*$B9,$C9*BL$5) -> 755.31354 | BM9: =IF($C9*BM$5>(5%*BM$5),(5%*BM$5)*$B9,$C9*BM$5) -> 692.02012 | BN9: =IF($C9*BN$5>(5%*BN$5),(5%*BN$5)*$B9,$C9*BN$5) -> 687.40665 | BO9: =IF($C9*BO$5>(5%*BO$5),(5%*BO$5)*$B9,$C9*BO$5) -> 682.82394 | BP9: =IF($C9*BP$5>(5%*BP$5),(5%*BP$5)*$B9,$C9*BP$5) -> 678.27178 | BQ9: =IF($C9*BQ$5>(5%*BQ$5),(5%*BQ$5)*$B9,$C9*BQ$5) -> 673.74997 | BR9: =IF($C9*BR$5>(5%*BR$5),(5%*BR$5)*$B9,$C9*BR$5) -> 669.2583 | BS9: =IF($C9*BS$5>(5%*BS$5),(5%*BS$5)*$B9,$C9*BS$5) -> 664.79658 | ... BW9: =IF($C9*BW$5>(5%*BW$5),(5%*BW$5)*$B9,$C9*BW$5) -> 647.24516
A10: 3 | B10: 0.44 | C10: =B10/SUM($B$8:$B$107) -> 0.0077287897 | D10: =IF($C10*D$5>(5%*D$5),(5%*D$5)*$B10,$C10*D$5) -> 186.56449 | E10: =IF($C10*E$5>(5%*E$5),(5%*E$5)*$B10,$C10*E$5) -> 186.02034 | F10: =IF($C10*F$5>(5%*F$5),(5%*F$5)*$B10,$C10*F$5) -> 185.47778 | G10: =IF($C10*G$5>(5%*G$5),(5%*G$5)*$B10,$C10*G$5) -> 184.93681 | H10: =IF($C10*H$5>(5%*H$5),(5%*H$5)*$B10,$C10*H$5) -> 184.39741 | I10: =IF($C10*I$5>(5%*I$5),(5%*I$5)*$B10,$C10*I$5) -> 183.85958 | J10: =IF($C10*J$5>(5%*J$5),(5%*J$5)*$B10,$C10*J$5) -> 183.32332 | K10: =IF($C10*K$5>(5%*K$5),(5%*K$5)*$B10,$C10*K$5) -> 182.78863 | ... O10: =IF($C10*O$5>(5%*O$5),(5%*O$5)*$B10,$C10*O$5) -> 180.66541 | S10: =IF($C10*S$5>(5%*S$5),(5%*S$5)*$B10,$C10*S$5) -> 367.55422 | T10: =IF($C10*T$5>(5%*T$5),(5%*T$5)*$B10,$C10*T$5) -> 366.02274 | U10: =IF($C10*U$5>(5%*U$5),(5%*U$5)*$B10,$C10*U$5) -> 364.49764 | V10: =IF($C10*V$5>(5%*V$5),(5%*V$5)*$B10,$C10*V$5) -> 362.9789 | W10: =IF($C10*W$5>(5%*W$5),(5%*W$5)*$B10,$C10*W$5) -> 361.46649 | X10: =IF($C10*X$5>(5%*X$5),(5%*X$5)*$B10,$C10*X$5) -> 359.96038 | Y10: =IF($C10*Y$5>(5%*Y$5),(5%*Y$5)*$B10,$C10*Y$5) -> 358.46055 | Z10: =IF($C10*Z$5>(5%*Z$5),(5%*Z$5)*$B10,$C10*Z$5) -> 356.96696 | ... AD10: =IF($C10*AD$5>(5%*AD$5),(5%*AD$5)*$B10,$C10*AD$5) -> 351.05459 | AH10: =IF($C10*AH$5>(5%*AH$5),(5%*AH$5)*$B10,$C10*AH$5) -> 438.41492 | AI10: =IF($C10*AI$5>(5%*AI$5),(5%*AI$5)*$B10,$C10*AI$5) -> 436.36899 | AJ10: =IF($C10*AJ$5>(5%*AJ$5),(5%*AJ$5)*$B10,$C10*AJ$5) -> 434.3326 | AK10: =IF($C10*AK$5>(5%*AK$5),(5%*AK$5)*$B10,$C10*AK$5) -> 432.30571 | AL10: =IF($C10*AL$5>(5%*AL$5),(5%*AL$5)*$B10,$C10*AL$5) -> 430.28828 | AM10: =IF($C10*AM$5>(5%*AM$5),(5%*AM$5)*$B10,$C10*AM$5) -> 428.28027 | AN10: =IF($C10*AN$5>(5%*AN$5),(5%*AN$5)*$B10,$C10*AN$5) -> 426.28163 | AO10: =IF($C10*AO$5>(5%*AO$5),(5%*AO$5)*$B10,$C10*AO$5) -> 424.29232 | ... AS10: =IF($C10*AS$5>(5%*AS$5),(5%*AS$5)*$B10,$C10*AS$5) -> 416.42746 | AW10: =IF($C10*AW$5>(5%*AW$5),(5%*AW$5)*$B10,$C10*AW$5) -> 618.30318 | AX10: =IF($C10*AX$5>(5%*AX$5),(5%*AX$5)*$B10,$C10*AX$5) -> 574.0408 | AY10: =IF($C10*AY$5>(5%*AY$5),(5%*AY$5)*$B10,$C10*AY$5) -> 570.7879 | AZ10: =IF($C10*AZ$5>(5%*AZ$5),(5%*AZ$5)*$B10,$C10*AZ$5) -> 567.55343 | BA10: =IF($C10*BA$5>(5%*BA$5),(5%*BA$5)*$B10,$C10*BA$5) -> 564.3373 | BB10: =IF($C10*BB$5>(5%*BB$5),(5%*BB$5)*$B10,$C10*BB$5) -> 561.13939 | BC10: =IF($C10*BC$5>(5%*BC$5),(5%*BC$5)*$B10,$C10*BC$5) -> 557.9596 | BD10: =IF($C10*BD$5>(5%*BD$5),(5%*BD$5)*$B10,$C10*BD$5) -> 554.79783 | ... BH10: =IF($C10*BH$5>(5%*BH$5),(5%*BH$5)*$B10,$C10*BH$5) -> 542.3289 | BL10: =IF($C10*BL$5>(5%*BL$5),(5%*BL$5)*$B10,$C10*BL$5) -> 772.87897 | BM10: =IF($C10*BM$5>(5%*BM$5),(5%*BM$5)*$B10,$C10*BM$5) -> 708.11361 | BN10: =IF($C10*BN$5>(5%*BN$5),(5%*BN$5)*$B10,$C10*BN$5) -> 703.39285 | BO10: =IF($C10*BO$5>(5%*BO$5),(5%*BO$5)*$B10,$C10*BO$5) -> 698.70357 | BP10: =IF($C10*BP$5>(5%*BP$5),(5%*BP$5)*$B10,$C10*BP$5) -> 694.04554 | BQ10: =IF($C10*BQ$5>(5%*BQ$5),(5%*BQ$5)*$B10,$C10*BQ$5) -> 689.41857 | BR10: =IF($C10*BR$5>(5%*BR$5),(5%*BR$5)*$B10,$C10*BR$5) -> 684.82245 | BS10: =IF($C10*BS$5>(5%*BS$5),(5%*BS$5)*$B10,$C10*BS$5) -> 680.25696 | ... BW10: =IF($C10*BW$5>(5%*BW$5),(5%*BW$5)*$B10,$C10*BW$5) -> 662.29738
A11: 4 | B11: 1.09 | C11: =B11/SUM($B$8:$B$107) -> 0.01914632 | D11: =IF($C11*D$5>(5%*D$5),(5%*D$5)*$B11,$C11*D$5) -> 462.17112 | E11: =IF($C11*E$5>(5%*E$5),(5%*E$5)*$B11,$C11*E$5) -> 460.82312 | F11: =IF($C11*F$5>(5%*F$5),(5%*F$5)*$B11,$C11*F$5) -> 459.47906 | G11: =IF($C11*G$5>(5%*G$5),(5%*G$5)*$B11,$C11*G$5) -> 458.13891 | H11: =IF($C11*H$5>(5%*H$5),(5%*H$5)*$B11,$C11*H$5) -> 456.80267 | I11: =IF($C11*I$5>(5%*I$5),(5%*I$5)*$B11,$C11*I$5) -> 455.47033 | J11: =IF($C11*J$5>(5%*J$5),(5%*J$5)*$B11,$C11*J$5) -> 454.14187 | K11: =IF($C11*K$5>(5%*K$5),(5%*K$5)*$B11,$C11*K$5) -> 452.81729 | ... O11: =IF($C11*O$5>(5%*O$5),(5%*O$5)*$B11,$C11*O$5) -> 447.55749 | S11: =IF($C11*S$5>(5%*S$5),(5%*S$5)*$B11,$C11*S$5) -> 910.53203 | T11: =IF($C11*T$5>(5%*T$5),(5%*T$5)*$B11,$C11*T$5) -> 906.73815 | U11: =IF($C11*U$5>(5%*U$5),(5%*U$5)*$B11,$C11*U$5) -> 902.96007 | V11: =IF($C11*V$5>(5%*V$5),(5%*V$5)*$B11,$C11*V$5) -> 899.19774 | W11: =IF($C11*W$5>(5%*W$5),(5%*W$5)*$B11,$C11*W$5) -> 895.45108 | X11: =IF($C11*X$5>(5%*X$5),(5%*X$5)*$B11,$C11*X$5) -> 891.72004 | Y11: =IF($C11*Y$5>(5%*Y$5),(5%*Y$5)*$B11,$C11*Y$5) -> 888.00454 | Z11: =IF($C11*Z$5>(5%*Z$5),(5%*Z$5)*$B11,$C11*Z$5) -> 884.30452 | ... AD11: =IF($C11*AD$5>(5%*AD$5),(5%*AD$5)*$B11,$C11*AD$5) -> 869.65797 | AH11: =IF($C11*AH$5>(5%*AH$5),(5%*AH$5)*$B11,$C11*AH$5) -> 1086.0733 | AI11: =IF($C11*AI$5>(5%*AI$5),(5%*AI$5)*$B11,$C11*AI$5) -> 1081.005 | AJ11: =IF($C11*AJ$5>(5%*AJ$5),(5%*AJ$5)*$B11,$C11*AJ$5) -> 1075.9603 | AK11: =IF($C11*AK$5>(5%*AK$5),(5%*AK$5)*$B11,$C11*AK$5) -> 1070.9391 | AL11: =IF($C11*AL$5>(5%*AL$5),(5%*AL$5)*$B11,$C11*AL$5) -> 1065.9414 | AM11: =IF($C11*AM$5>(5%*AM$5),(5%*AM$5)*$B11,$C11*AM$5) -> 1060.967 | AN11: =IF($C11*AN$5>(5%*AN$5),(5%*AN$5)*$B11,$C11*AN$5) -> 1056.0159 | AO11: =IF($C11*AO$5>(5%*AO$5),(5%*AO$5)*$B11,$C11*AO$5) -> 1051.0878 | ... AS11: =IF($C11*AS$5>(5%*AS$5),(5%*AS$5)*$B11,$C11*AS$5) -> 1031.6044 | AW11: =IF($C11*AW$5>(5%*AW$5),(5%*AW$5)*$B11,$C11*AW$5) -> 1531.7056 | AX11: =IF($C11*AX$5>(5%*AX$5),(5%*AX$5)*$B11,$C11*AX$5) -> 1422.0556 | AY11: =IF($C11*AY$5>(5%*AY$5),(5%*AY$5)*$B11,$C11*AY$5) -> 1413.9973 | AZ11: =IF($C11*AZ$5>(5%*AZ$5),(5%*AZ$5)*$B11,$C11*AZ$5) -> 1405.9846 | BA11: =IF($C11*BA$5>(5%*BA$5),(5%*BA$5)*$B11,$C11*BA$5) -> 1398.0174 | BB11: =IF($C11*BB$5>(5%*BB$5),(5%*BB$5)*$B11,$C11*BB$5) -> 1390.0953 | BC11: =IF($C11*BC$5>(5%*BC$5),(5%*BC$5)*$B11,$C11*BC$5) -> 1382.2181 | BD11: =IF($C11*BD$5>(5%*BD$5),(5%*BD$5)*$B11,$C11*BD$5) -> 1374.3855 | ... BH11: =IF($C11*BH$5>(5%*BH$5),(5%*BH$5)*$B11,$C11*BH$5) -> 1343.4966 | BL11: =IF($C11*BL$5>(5%*BL$5),(5%*BL$5)*$B11,$C11*BL$5) -> 1914.632 | BM11: =IF($C11*BM$5>(5%*BM$5),(5%*BM$5)*$B11,$C11*BM$5) -> 1754.1905 | BN11: =IF($C11*BN$5>(5%*BN$5),(5%*BN$5)*$B11,$C11*BN$5) -> 1742.4959 | BO11: =IF($C11*BO$5>(5%*BO$5),(5%*BO$5)*$B11,$C11*BO$5) -> 1730.8793 | BP11: =IF($C11*BP$5>(5%*BP$5),(5%*BP$5)*$B11,$C11*BP$5) -> 1719.3401 | BQ11: =IF($C11*BQ$5>(5%*BQ$5),(5%*BQ$5)*$B11,$C11*BQ$5) -> 1707.8778 | BR11: =IF($C11*BR$5>(5%*BR$5),(5%*BR$5)*$B11,$C11*BR$5) -> 1696.492 | BS11: =IF($C11*BS$5>(5%*BS$5),(5%*BS$5)*$B11,$C11*BS$5) -> 1685.182 | ... BW11: =IF($C11*BW$5>(5%*BW$5),(5%*BW$5)*$B11,$C11*BW$5) -> 1640.6912
A12: 5 | B12: 0.2 | C12: =B12/SUM($B$8:$B$107) -> 0.0035130862 | D12: =IF($C12*D$5>(5%*D$5),(5%*D$5)*$B12,$C12*D$5) -> 84.802041 | E12: =IF($C12*E$5>(5%*E$5),(5%*E$5)*$B12,$C12*E$5) -> 84.554701 | F12: =IF($C12*F$5>(5%*F$5),(5%*F$5)*$B12,$C12*F$5) -> 84.308084 | G12: =IF($C12*G$5>(5%*G$5),(5%*G$5)*$B12,$C12*G$5) -> 84.062185 | H12: =IF($C12*H$5>(5%*H$5),(5%*H$5)*$B12,$C12*H$5) -> 83.817004 | I12: =IF($C12*I$5>(5%*I$5),(5%*I$5)*$B12,$C12*I$5) -> 83.572537 | J12: =IF($C12*J$5>(5%*J$5),(5%*J$5)*$B12,$C12*J$5) -> 83.328784 | K12: =IF($C12*K$5>(5%*K$5),(5%*K$5)*$B12,$C12*K$5) -> 83.085742 | ... O12: =IF($C12*O$5>(5%*O$5),(5%*O$5)*$B12,$C12*O$5) -> 82.120641 | S12: =IF($C12*S$5>(5%*S$5),(5%*S$5)*$B12,$C12*S$5) -> 167.0701 | T12: =IF($C12*T$5>(5%*T$5),(5%*T$5)*$B12,$C12*T$5) -> 166.37397 | U12: =IF($C12*U$5>(5%*U$5),(5%*U$5)*$B12,$C12*U$5) -> 165.68075 | V12: =IF($C12*V$5>(5%*V$5),(5%*V$5)*$B12,$C12*V$5) -> 164.99041 | W12: =IF($C12*W$5>(5%*W$5),(5%*W$5)*$B12,$C12*W$5) -> 164.30295 | X12: =IF($C12*X$5>(5%*X$5),(5%*X$5)*$B12,$C12*X$5) -> 163.61836 | Y12: =IF($C12*Y$5>(5%*Y$5),(5%*Y$5)*$B12,$C12*Y$5) -> 162.93661 | Z12: =IF($C12*Z$5>(5%*Z$5),(5%*Z$5)*$B12,$C12*Z$5) -> 162.25771 | ... AD12: =IF($C12*AD$5>(5%*AD$5),(5%*AD$5)*$B12,$C12*AD$5) -> 159.57027 | AH12: =IF($C12*AH$5>(5%*AH$5),(5%*AH$5)*$B12,$C12*AH$5) -> 199.27951 | AI12: =IF($C12*AI$5>(5%*AI$5),(5%*AI$5)*$B12,$C12*AI$5) -> 198.34954 | AJ12: =IF($C12*AJ$5>(5%*AJ$5),(5%*AJ$5)*$B12,$C12*AJ$5) -> 197.42391 | AK12: =IF($C12*AK$5>(5%*AK$5),(5%*AK$5)*$B12,$C12*AK$5) -> 196.5026 | AL12: =IF($C12*AL$5>(5%*AL$5),(5%*AL$5)*$B12,$C12*AL$5) -> 195.58558 | AM12: =IF($C12*AM$5>(5%*AM$5),(5%*AM$5)*$B12,$C12*AM$5) -> 194.67285 | AN12: =IF($C12*AN$5>(5%*AN$5),(5%*AN$5)*$B12,$C12*AN$5) -> 193.76438 | AO12: =IF($C12*AO$5>(5%*AO$5),(5%*AO$5)*$B12,$C12*AO$5) -> 192.86014 | ... AS12: =IF($C12*AS$5>(5%*AS$5),(5%*AS$5)*$B12,$C12*AS$5) -> 189.28521 | AW12: =IF($C12*AW$5>(5%*AW$5),(5%*AW$5)*$B12,$C12*AW$5) -> 281.0469 | AX12: =IF($C12*AX$5>(5%*AX$5),(5%*AX$5)*$B12,$C12*AX$5) -> 260.92763 | AY12: =IF($C12*AY$5>(5%*AY$5),(5%*AY$5)*$B12,$C12*AY$5) -> 259.44904 | AZ12: =IF($C12*AZ$5>(5%*AZ$5),(5%*AZ$5)*$B12,$C12*AZ$5) -> 257.97883 | BA12: =IF($C12*BA$5>(5%*BA$5),(5%*BA$5)*$B12,$C12*BA$5) -> 256.51695 | BB12: =IF($C12*BB$5>(5%*BB$5),(5%*BB$5)*$B12,$C12*BB$5) -> 255.06336 | BC12: =IF($C12*BC$5>(5%*BC$5),(5%*BC$5)*$B12,$C12*BC$5) -> 253.618 | BD12: =IF($C12*BD$5>(5%*BD$5),(5%*BD$5)*$B12,$C12*BD$5) -> 252.18083 | ... BH12: =IF($C12*BH$5>(5%*BH$5),(5%*BH$5)*$B12,$C12*BH$5) -> 246.51313 | BL12: =IF($C12*BL$5>(5%*BL$5),(5%*BL$5)*$B12,$C12*BL$5) -> 351.30862 | BM12: =IF($C12*BM$5>(5%*BM$5),(5%*BM$5)*$B12,$C12*BM$5) -> 321.86982 | BN12: =IF($C12*BN$5>(5%*BN$5),(5%*BN$5)*$B12,$C12*BN$5) -> 319.72402 | BO12: =IF($C12*BO$5>(5%*BO$5),(5%*BO$5)*$B12,$C12*BO$5) -> 317.59253 | BP12: =IF($C12*BP$5>(5%*BP$5),(5%*BP$5)*$B12,$C12*BP$5) -> 315.47525 | BQ12: =IF($C12*BQ$5>(5%*BQ$5),(5%*BQ$5)*$B12,$C12*BQ$5) -> 313.37208 | BR12: =IF($C12*BR$5>(5%*BR$5),(5%*BR$5)*$B12,$C12*BR$5) -> 311.28293 | BS12: =IF($C12*BS$5>(5%*BS$5),(5%*BS$5)*$B12,$C12*BS$5) -> 309.20771 | ... BW12: =IF($C12*BW$5>(5%*BW$5),(5%*BW$5)*$B12,$C12*BW$5) -> 301.04426
A13: 6 | B13: 0.3 | C13: =B13/SUM($B$8:$B$107) -> 0.0052696294 | D13: =IF($C13*D$5>(5%*D$5),(5%*D$5)*$B13,$C13*D$5) -> 127.20306 | E13: =IF($C13*E$5>(5%*E$5),(5%*E$5)*$B13,$C13*E$5) -> 126.83205 | F13: =IF($C13*F$5>(5%*F$5),(5%*F$5)*$B13,$C13*F$5) -> 126.46213 | G13: =IF($C13*G$5>(5%*G$5),(5%*G$5)*$B13,$C13*G$5) -> 126.09328 | H13: =IF($C13*H$5>(5%*H$5),(5%*H$5)*$B13,$C13*H$5) -> 125.72551 | I13: =IF($C13*I$5>(5%*I$5),(5%*I$5)*$B13,$C13*I$5) -> 125.35881 | J13: =IF($C13*J$5>(5%*J$5),(5%*J$5)*$B13,$C13*J$5) -> 124.99318 | K13: =IF($C13*K$5>(5%*K$5),(5%*K$5)*$B13,$C13*K$5) -> 124.62861 | ... O13: =IF($C13*O$5>(5%*O$5),(5%*O$5)*$B13,$C13*O$5) -> 123.18096 | S13: =IF($C13*S$5>(5%*S$5),(5%*S$5)*$B13,$C13*S$5) -> 250.60515 | T13: =IF($C13*T$5>(5%*T$5),(5%*T$5)*$B13,$C13*T$5) -> 249.56096 | U13: =IF($C13*U$5>(5%*U$5),(5%*U$5)*$B13,$C13*U$5) -> 248.52112 | V13: =IF($C13*V$5>(5%*V$5),(5%*V$5)*$B13,$C13*V$5) -> 247.48562 | W13: =IF($C13*W$5>(5%*W$5),(5%*W$5)*$B13,$C13*W$5) -> 246.45443 | X13: =IF($C13*X$5>(5%*X$5),(5%*X$5)*$B13,$C13*X$5) -> 245.42753 | Y13: =IF($C13*Y$5>(5%*Y$5),(5%*Y$5)*$B13,$C13*Y$5) -> 244.40492 | Z13: =IF($C13*Z$5>(5%*Z$5),(5%*Z$5)*$B13,$C13*Z$5) -> 243.38656 | ... AD13: =IF($C13*AD$5>(5%*AD$5),(5%*AD$5)*$B13,$C13*AD$5) -> 239.3554 | AH13: =IF($C13*AH$5>(5%*AH$5),(5%*AH$5)*$B13,$C13*AH$5) -> 298.91926 | AI13: =IF($C13*AI$5>(5%*AI$5),(5%*AI$5)*$B13,$C13*AI$5) -> 297.52431 | AJ13: =IF($C13*AJ$5>(5%*AJ$5),(5%*AJ$5)*$B13,$C13*AJ$5) -> 296.13586 | AK13: =IF($C13*AK$5>(5%*AK$5),(5%*AK$5)*$B13,$C13*AK$5) -> 294.75389 | AL13: =IF($C13*AL$5>(5%*AL$5),(5%*AL$5)*$B13,$C13*AL$5) -> 293.37838 | AM13: =IF($C13*AM$5>(5%*AM$5),(5%*AM$5)*$B13,$C13*AM$5) -> 292.00928 | AN13: =IF($C13*AN$5>(5%*AN$5),(5%*AN$5)*$B13,$C13*AN$5) -> 290.64657 | AO13: =IF($C13*AO$5>(5%*AO$5),(5%*AO$5)*$B13,$C13*AO$5) -> 289.29022 | ... AS13: =IF($C13*AS$5>(5%*AS$5),(5%*AS$5)*$B13,$C13*AS$5) -> 283.92782 | AW13: =IF($C13*AW$5>(5%*AW$5),(5%*AW$5)*$B13,$C13*AW$5) -> 421.57035 | AX13: =IF($C13*AX$5>(5%*AX$5),(5%*AX$5)*$B13,$C13*AX$5) -> 391.39145 | AY13: =IF($C13*AY$5>(5%*AY$5),(5%*AY$5)*$B13,$C13*AY$5) -> 389.17357 | AZ13: =IF($C13*AZ$5>(5%*AZ$5),(5%*AZ$5)*$B13,$C13*AZ$5) -> 386.96825 | BA13: =IF($C13*BA$5>(5%*BA$5),(5%*BA$5)*$B13,$C13*BA$5) -> 384.77543 | BB13: =IF($C13*BB$5>(5%*BB$5),(5%*BB$5)*$B13,$C13*BB$5) -> 382.59504 | BC13: =IF($C13*BC$5>(5%*BC$5),(5%*BC$5)*$B13,$C13*BC$5) -> 380.427 | BD13: =IF($C13*BD$5>(5%*BD$5),(5%*BD$5)*$B13,$C13*BD$5) -> 378.27124 | ... BH13: =IF($C13*BH$5>(5%*BH$5),(5%*BH$5)*$B13,$C13*BH$5) -> 369.7697 | BL13: =IF($C13*BL$5>(5%*BL$5),(5%*BL$5)*$B13,$C13*BL$5) -> 526.96294 | BM13: =IF($C13*BM$5>(5%*BM$5),(5%*BM$5)*$B13,$C13*BM$5) -> 482.80473 | BN13: =IF($C13*BN$5>(5%*BN$5),(5%*BN$5)*$B13,$C13*BN$5) -> 479.58604 | BO13: =IF($C13*BO$5>(5%*BO$5),(5%*BO$5)*$B13,$C13*BO$5) -> 476.38879 | BP13: =IF($C13*BP$5>(5%*BP$5),(5%*BP$5)*$B13,$C13*BP$5) -> 473.21287 | BQ13: =IF($C13*BQ$5>(5%*BQ$5),(5%*BQ$5)*$B13,$C13*BQ$5) -> 470.05812 | BR13: =IF($C13*BR$5>(5%*BR$5),(5%*BR$5)*$B13,$C13*BR$5) -> 466.9244 | BS13: =IF($C13*BS$5>(5%*BS$5),(5%*BS$5)*$B13,$C13*BS$5) -> 463.81157 | ... BW13: =IF($C13*BW$5>(5%*BW$5),(5%*BW$5)*$B13,$C13*BW$5) -> 451.56639
A14: 7 | B14: 0.39 | C14: =B14/SUM($B$8:$B$107) -> 0.0068505182 | D14: =IF($C14*D$5>(5%*D$5),(5%*D$5)*$B14,$C14*D$5) -> 165.36398 | E14: =IF($C14*E$5>(5%*E$5),(5%*E$5)*$B14,$C14*E$5) -> 164.88167 | F14: =IF($C14*F$5>(5%*F$5),(5%*F$5)*$B14,$C14*F$5) -> 164.40076 | G14: =IF($C14*G$5>(5%*G$5),(5%*G$5)*$B14,$C14*G$5) -> 163.92126 | H14: =IF($C14*H$5>(5%*H$5),(5%*H$5)*$B14,$C14*H$5) -> 163.44316 | I14: =IF($C14*I$5>(5%*I$5),(5%*I$5)*$B14,$C14*I$5) -> 162.96645 | J14: =IF($C14*J$5>(5%*J$5),(5%*J$5)*$B14,$C14*J$5) -> 162.49113 | K14: =IF($C14*K$5>(5%*K$5),(5%*K$5)*$B14,$C14*K$5) -> 162.0172 | ... O14: =IF($C14*O$5>(5%*O$5),(5%*O$5)*$B14,$C14*O$5) -> 160.13525 | S14: =IF($C14*S$5>(5%*S$5),(5%*S$5)*$B14,$C14*S$5) -> 325.78669 | T14: =IF($C14*T$5>(5%*T$5),(5%*T$5)*$B14,$C14*T$5) -> 324.42925 | U14: =IF($C14*U$5>(5%*U$5),(5%*U$5)*$B14,$C14*U$5) -> 323.07746 | V14: =IF($C14*V$5>(5%*V$5),(5%*V$5)*$B14,$C14*V$5) -> 321.7313 | W14: =IF($C14*W$5>(5%*W$5),(5%*W$5)*$B14,$C14*W$5) -> 320.39075 | X14: =IF($C14*X$5>(5%*X$5),(5%*X$5)*$B14,$C14*X$5) -> 319.05579 | Y14: =IF($C14*Y$5>(5%*Y$5),(5%*Y$5)*$B14,$C14*Y$5) -> 317.72639 | Z14: =IF($C14*Z$5>(5%*Z$5),(5%*Z$5)*$B14,$C14*Z$5) -> 316.40253 | ... AD14: =IF($C14*AD$5>(5%*AD$5),(5%*AD$5)*$B14,$C14*AD$5) -> 311.16203 | AH14: =IF($C14*AH$5>(5%*AH$5),(5%*AH$5)*$B14,$C14*AH$5) -> 388.59504 | AI14: =IF($C14*AI$5>(5%*AI$5),(5%*AI$5)*$B14,$C14*AI$5) -> 386.7816 | AJ14: =IF($C14*AJ$5>(5%*AJ$5),(5%*AJ$5)*$B14,$C14*AJ$5) -> 384.97662 | AK14: =IF($C14*AK$5>(5%*AK$5),(5%*AK$5)*$B14,$C14*AK$5) -> 383.18006 | AL14: =IF($C14*AL$5>(5%*AL$5),(5%*AL$5)*$B14,$C14*AL$5) -> 381.39189 | AM14: =IF($C14*AM$5>(5%*AM$5),(5%*AM$5)*$B14,$C14*AM$5) -> 379.61206 | AN14: =IF($C14*AN$5>(5%*AN$5),(5%*AN$5)*$B14,$C14*AN$5) -> 377.84054 | AO14: =IF($C14*AO$5>(5%*AO$5),(5%*AO$5)*$B14,$C14*AO$5) -> 376.07728 | ... AS14: =IF($C14*AS$5>(5%*AS$5),(5%*AS$5)*$B14,$C14*AS$5) -> 369.10616 | AW14: =IF($C14*AW$5>(5%*AW$5),(5%*AW$5)*$B14,$C14*AW$5) -> 548.04145 | AX14: =IF($C14*AX$5>(5%*AX$5),(5%*AX$5)*$B14,$C14*AX$5) -> 508.80889 | AY14: =IF($C14*AY$5>(5%*AY$5),(5%*AY$5)*$B14,$C14*AY$5) -> 505.92564 | AZ14: =IF($C14*AZ$5>(5%*AZ$5),(5%*AZ$5)*$B14,$C14*AZ$5) -> 503.05873 | BA14: =IF($C14*BA$5>(5%*BA$5),(5%*BA$5)*$B14,$C14*BA$5) -> 500.20806 | BB14: =IF($C14*BB$5>(5%*BB$5),(5%*BB$5)*$B14,$C14*BB$5) -> 497.37355 | BC14: =IF($C14*BC$5>(5%*BC$5),(5%*BC$5)*$B14,$C14*BC$5) -> 494.5551 | BD14: =IF($C14*BD$5>(5%*BD$5),(5%*BD$5)*$B14,$C14*BD$5) -> 491.75262 | ... BH14: =IF($C14*BH$5>(5%*BH$5),(5%*BH$5)*$B14,$C14*BH$5) -> 480.70061 | BL14: =IF($C14*BL$5>(5%*BL$5),(5%*BL$5)*$B14,$C14*BL$5) -> 685.05182 | BM14: =IF($C14*BM$5>(5%*BM$5),(5%*BM$5)*$B14,$C14*BM$5) -> 627.64615 | BN14: =IF($C14*BN$5>(5%*BN$5),(5%*BN$5)*$B14,$C14*BN$5) -> 623.46185 | BO14: =IF($C14*BO$5>(5%*BO$5),(5%*BO$5)*$B14,$C14*BO$5) -> 619.30543 | BP14: =IF($C14*BP$5>(5%*BP$5),(5%*BP$5)*$B14,$C14*BP$5) -> 615.17673 | BQ14: =IF($C14*BQ$5>(5%*BQ$5),(5%*BQ$5)*$B14,$C14*BQ$5) -> 611.07555 | BR14: =IF($C14*BR$5>(5%*BR$5),(5%*BR$5)*$B14,$C14*BR$5) -> 607.00172 | BS14: =IF($C14*BS$5>(5%*BS$5),(5%*BS$5)*$B14,$C14*BS$5) -> 602.95504 | ... BW14: =IF($C14*BW$5>(5%*BW$5),(5%*BW$5)*$B14,$C14*BW$5) -> 587.03631
A15: 8 | B15: 0.53 | C15: =B15/SUM($B$8:$B$107) -> 0.0093096786 | D15: =IF($C15*D$5>(5%*D$5),(5%*D$5)*$B15,$C15*D$5) -> 224.72541 | E15: =IF($C15*E$5>(5%*E$5),(5%*E$5)*$B15,$C15*E$5) -> 224.06996 | F15: =IF($C15*F$5>(5%*F$5),(5%*F$5)*$B15,$C15*F$5) -> 223.41642 | G15: =IF($C15*G$5>(5%*G$5),(5%*G$5)*$B15,$C15*G$5) -> 222.76479 | H15: =IF($C15*H$5>(5%*H$5),(5%*H$5)*$B15,$C15*H$5) -> 222.11506 | I15: =IF($C15*I$5>(5%*I$5),(5%*I$5)*$B15,$C15*I$5) -> 221.46722 | J15: =IF($C15*J$5>(5%*J$5),(5%*J$5)*$B15,$C15*J$5) -> 220.82128 | K15: =IF($C15*K$5>(5%*K$5),(5%*K$5)*$B15,$C15*K$5) -> 220.17722 | ... O15: =IF($C15*O$5>(5%*O$5),(5%*O$5)*$B15,$C15*O$5) -> 217.6197 | S15: =IF($C15*S$5>(5%*S$5),(5%*S$5)*$B15,$C15*S$5) -> 442.73576 | T15: =IF($C15*T$5>(5%*T$5),(5%*T$5)*$B15,$C15*T$5) -> 440.89103 | U15: =IF($C15*U$5>(5%*U$5),(5%*U$5)*$B15,$C15*U$5) -> 439.05398 | V15: =IF($C15*V$5>(5%*V$5),(5%*V$5)*$B15,$C15*V$5) -> 437.22459 | W15: =IF($C15*W$5>(5%*W$5),(5%*W$5)*$B15,$C15*W$5) -> 435.40282 | X15: =IF($C15*X$5>(5%*X$5),(5%*X$5)*$B15,$C15*X$5) -> 433.58864 | Y15: =IF($C15*Y$5>(5%*Y$5),(5%*Y$5)*$B15,$C15*Y$5) -> 431.78202 | Z15: =IF($C15*Z$5>(5%*Z$5),(5%*Z$5)*$B15,$C15*Z$5) -> 429.98293 | ... AD15: =IF($C15*AD$5>(5%*AD$5),(5%*AD$5)*$B15,$C15*AD$5) -> 422.86121 | AH15: =IF($C15*AH$5>(5%*AH$5),(5%*AH$5)*$B15,$C15*AH$5) -> 528.0907 | AI15: =IF($C15*AI$5>(5%*AI$5),(5%*AI$5)*$B15,$C15*AI$5) -> 525.62628 | AJ15: =IF($C15*AJ$5>(5%*AJ$5),(5%*AJ$5)*$B15,$C15*AJ$5) -> 523.17336 | AK15: =IF($C15*AK$5>(5%*AK$5),(5%*AK$5)*$B15,$C15*AK$5) -> 520.73188 | AL15: =IF($C15*AL$5>(5%*AL$5),(5%*AL$5)*$B15,$C15*AL$5) -> 518.3018 | AM15: =IF($C15*AM$5>(5%*AM$5),(5%*AM$5)*$B15,$C15*AM$5) -> 515.88306 | AN15: =IF($C15*AN$5>(5%*AN$5),(5%*AN$5)*$B15,$C15*AN$5) -> 513.4756 | AO15: =IF($C15*AO$5>(5%*AO$5),(5%*AO$5)*$B15,$C15*AO$5) -> 511.07938 | ... AS15: =IF($C15*AS$5>(5%*AS$5),(5%*AS$5)*$B15,$C15*AS$5) -> 501.60581 | AW15: =IF($C15*AW$5>(5%*AW$5),(5%*AW$5)*$B15,$C15*AW$5) -> 744.77428 | AX15: =IF($C15*AX$5>(5%*AX$5),(5%*AX$5)*$B15,$C15*AX$5) -> 691.45823 | AY15: =IF($C15*AY$5>(5%*AY$5),(5%*AY$5)*$B15,$C15*AY$5) -> 687.53997 | AZ15: =IF($C15*AZ$5>(5%*AZ$5),(5%*AZ$5)*$B15,$C15*AZ$5) -> 683.64391 | BA15: =IF($C15*BA$5>(5%*BA$5),(5%*BA$5)*$B15,$C15*BA$5) -> 679.76993 | BB15: =IF($C15*BB$5>(5%*BB$5),(5%*BB$5)*$B15,$C15*BB$5) -> 675.9179 | BC15: =IF($C15*BC$5>(5%*BC$5),(5%*BC$5)*$B15,$C15*BC$5) -> 672.0877 | BD15: =IF($C15*BD$5>(5%*BD$5),(5%*BD$5)*$B15,$C15*BD$5) -> 668.2792 | ... BH15: =IF($C15*BH$5>(5%*BH$5),(5%*BH$5)*$B15,$C15*BH$5) -> 653.25981 | BL15: =IF($C15*BL$5>(5%*BL$5),(5%*BL$5)*$B15,$C15*BL$5) -> 930.96786 | BM15: =IF($C15*BM$5>(5%*BM$5),(5%*BM$5)*$B15,$C15*BM$5) -> 852.95503 | BN15: =IF($C15*BN$5>(5%*BN$5),(5%*BN$5)*$B15,$C15*BN$5) -> 847.26866 | BO15: =IF($C15*BO$5>(5%*BO$5),(5%*BO$5)*$B15,$C15*BO$5) -> 841.6202 | BP15: =IF($C15*BP$5>(5%*BP$5),(5%*BP$5)*$B15,$C15*BP$5) -> 836.0094 | BQ15: =IF($C15*BQ$5>(5%*BQ$5),(5%*BQ$5)*$B15,$C15*BQ$5) -> 830.43601 | BR15: =IF($C15*BR$5>(5%*BR$5),(5%*BR$5)*$B15,$C15*BR$5) -> 824.89977 | BS15: =IF($C15*BS$5>(5%*BS$5),(5%*BS$5)*$B15,$C15*BS$5) -> 819.40044 | ... BW15: =IF($C15*BW$5>(5%*BW$5),(5%*BW$5)*$B15,$C15*BW$5) -> 797.76729
A16: 9 | B16: 1 | C16: =B16/SUM($B$8:$B$107) -> 0.017565431 | D16: =IF($C16*D$5>(5%*D$5),(5%*D$5)*$B16,$C16*D$5) -> 424.0102 | E16: =IF($C16*E$5>(5%*E$5),(5%*E$5)*$B16,$C16*E$5) -> 422.77351 | F16: =IF($C16*F$5>(5%*F$5),(5%*F$5)*$B16,$C16*F$5) -> 421.54042 | G16: =IF($C16*G$5>(5%*G$5),(5%*G$5)*$B16,$C16*G$5) -> 420.31092 | H16: =IF($C16*H$5>(5%*H$5),(5%*H$5)*$B16,$C16*H$5) -> 419.08502 | I16: =IF($C16*I$5>(5%*I$5),(5%*I$5)*$B16,$C16*I$5) -> 417.86269 | J16: =IF($C16*J$5>(5%*J$5),(5%*J$5)*$B16,$C16*J$5) -> 416.64392 | K16: =IF($C16*K$5>(5%*K$5),(5%*K$5)*$B16,$C16*K$5) -> 415.42871 | ... O16: =IF($C16*O$5>(5%*O$5),(5%*O$5)*$B16,$C16*O$5) -> 410.6032 | S16: =IF($C16*S$5>(5%*S$5),(5%*S$5)*$B16,$C16*S$5) -> 835.35049 | T16: =IF($C16*T$5>(5%*T$5),(5%*T$5)*$B16,$C16*T$5) -> 831.86986 | U16: =IF($C16*U$5>(5%*U$5),(5%*U$5)*$B16,$C16*U$5) -> 828.40374 | V16: =IF($C16*V$5>(5%*V$5),(5%*V$5)*$B16,$C16*V$5) -> 824.95206 | W16: =IF($C16*W$5>(5%*W$5),(5%*W$5)*$B16,$C16*W$5) -> 821.51476 | X16: =IF($C16*X$5>(5%*X$5),(5%*X$5)*$B16,$C16*X$5) -> 818.09178 | Y16: =IF($C16*Y$5>(5%*Y$5),(5%*Y$5)*$B16,$C16*Y$5) -> 814.68306 | Z16: =IF($C16*Z$5>(5%*Z$5),(5%*Z$5)*$B16,$C16*Z$5) -> 811.28855 | ... AD16: =IF($C16*AD$5>(5%*AD$5),(5%*AD$5)*$B16,$C16*AD$5) -> 797.85135 | AH16: =IF($C16*AH$5>(5%*AH$5),(5%*AH$5)*$B16,$C16*AH$5) -> 996.39755 | AI16: =IF($C16*AI$5>(5%*AI$5),(5%*AI$5)*$B16,$C16*AI$5) -> 991.74769 | AJ16: =IF($C16*AJ$5>(5%*AJ$5),(5%*AJ$5)*$B16,$C16*AJ$5) -> 987.11954 | AK16: =IF($C16*AK$5>(5%*AK$5),(5%*AK$5)*$B16,$C16*AK$5) -> 982.51298 | AL16: =IF($C16*AL$5>(5%*AL$5),(5%*AL$5)*$B16,$C16*AL$5) -> 977.92792 | AM16: =IF($C16*AM$5>(5%*AM$5),(5%*AM$5)*$B16,$C16*AM$5) -> 973.36426 | AN16: =IF($C16*AN$5>(5%*AN$5),(5%*AN$5)*$B16,$C16*AN$5) -> 968.82189 | AO16: =IF($C16*AO$5>(5%*AO$5),(5%*AO$5)*$B16,$C16*AO$5) -> 964.30072 | ... AS16: =IF($C16*AS$5>(5%*AS$5),(5%*AS$5)*$B16,$C16*AS$5) -> 946.42605 | AW16: =IF($C16*AW$5>(5%*AW$5),(5%*AW$5)*$B16,$C16*AW$5) -> 1405.2345 | AX16: =IF($C16*AX$5>(5%*AX$5),(5%*AX$5)*$B16,$C16*AX$5) -> 1304.6382 | AY16: =IF($C16*AY$5>(5%*AY$5),(5%*AY$5)*$B16,$C16*AY$5) -> 1297.2452 | AZ16: =IF($C16*AZ$5>(5%*AZ$5),(5%*AZ$5)*$B16,$C16*AZ$5) -> 1289.8942 | BA16: =IF($C16*BA$5>(5%*BA$5),(5%*BA$5)*$B16,$C16*BA$5) -> 1282.5848 | BB16: =IF($C16*BB$5>(5%*BB$5),(5%*BB$5)*$B16,$C16*BB$5) -> 1275.3168 | BC16: =IF($C16*BC$5>(5%*BC$5),(5%*BC$5)*$B16,$C16*BC$5) -> 1268.09 | BD16: =IF($C16*BD$5>(5%*BD$5),(5%*BD$5)*$B16,$C16*BD$5) -> 1260.9041 | ... BH16: =IF($C16*BH$5>(5%*BH$5),(5%*BH$5)*$B16,$C16*BH$5) -> 1232.5657 | BL16: =IF($C16*BL$5>(5%*BL$5),(5%*BL$5)*$B16,$C16*BL$5) -> 1756.5431 | BM16: =IF($C16*BM$5>(5%*BM$5),(5%*BM$5)*$B16,$C16*BM$5) -> 1609.3491 | BN16: =IF($C16*BN$5>(5%*BN$5),(5%*BN$5)*$B16,$C16*BN$5) -> 1598.6201 | BO16: =IF($C16*BO$5>(5%*BO$5),(5%*BO$5)*$B16,$C16*BO$5) -> 1587.9626 | BP16: =IF($C16*BP$5>(5%*BP$5),(5%*BP$5)*$B16,$C16*BP$5) -> 1577.3762 | BQ16: =IF($C16*BQ$5>(5%*BQ$5),(5%*BQ$5)*$B16,$C16*BQ$5) -> 1566.8604 | BR16: =IF($C16*BR$5>(5%*BR$5),(5%*BR$5)*$B16,$C16*BR$5) -> 1556.4147 | BS16: =IF($C16*BS$5>(5%*BS$5),(5%*BS$5)*$B16,$C16*BS$5) -> 1546.0386 | ... BW16: =IF($C16*BW$5>(5%*BW$5),(5%*BW$5)*$B16,$C16*BW$5) -> 1505.2213
A17: 10 | B17: 0.32 | C17: =B17/SUM($B$8:$B$107) -> 0.005620938 | D17: =IF($C17*D$5>(5%*D$5),(5%*D$5)*$B17,$C17*D$5) -> 135.68327 | E17: =IF($C17*E$5>(5%*E$5),(5%*E$5)*$B17,$C17*E$5) -> 135.28752 | F17: =IF($C17*F$5>(5%*F$5),(5%*F$5)*$B17,$C17*F$5) -> 134.89293 | G17: =IF($C17*G$5>(5%*G$5),(5%*G$5)*$B17,$C17*G$5) -> 134.4995 | H17: =IF($C17*H$5>(5%*H$5),(5%*H$5)*$B17,$C17*H$5) -> 134.10721 | I17: =IF($C17*I$5>(5%*I$5),(5%*I$5)*$B17,$C17*I$5) -> 133.71606 | J17: =IF($C17*J$5>(5%*J$5),(5%*J$5)*$B17,$C17*J$5) -> 133.32605 | K17: =IF($C17*K$5>(5%*K$5),(5%*K$5)*$B17,$C17*K$5) -> 132.93719 | ... O17: =IF($C17*O$5>(5%*O$5),(5%*O$5)*$B17,$C17*O$5) -> 131.39303 | S17: =IF($C17*S$5>(5%*S$5),(5%*S$5)*$B17,$C17*S$5) -> 267.31216 | T17: =IF($C17*T$5>(5%*T$5),(5%*T$5)*$B17,$C17*T$5) -> 266.19836 | U17: =IF($C17*U$5>(5%*U$5),(5%*U$5)*$B17,$C17*U$5) -> 265.0892 | V17: =IF($C17*V$5>(5%*V$5),(5%*V$5)*$B17,$C17*V$5) -> 263.98466 | W17: =IF($C17*W$5>(5%*W$5),(5%*W$5)*$B17,$C17*W$5) -> 262.88472 | X17: =IF($C17*X$5>(5%*X$5),(5%*X$5)*$B17,$C17*X$5) -> 261.78937 | Y17: =IF($C17*Y$5>(5%*Y$5),(5%*Y$5)*$B17,$C17*Y$5) -> 260.69858 | Z17: =IF($C17*Z$5>(5%*Z$5),(5%*Z$5)*$B17,$C17*Z$5) -> 259.61234 | ... AD17: =IF($C17*AD$5>(5%*AD$5),(5%*AD$5)*$B17,$C17*AD$5) -> 255.31243 | AH17: =IF($C17*AH$5>(5%*AH$5),(5%*AH$5)*$B17,$C17*AH$5) -> 318.84722 | AI17: =IF($C17*AI$5>(5%*AI$5),(5%*AI$5)*$B17,$C17*AI$5) -> 317.35926 | AJ17: =IF($C17*AJ$5>(5%*AJ$5),(5%*AJ$5)*$B17,$C17*AJ$5) -> 315.87825 | AK17: =IF($C17*AK$5>(5%*AK$5),(5%*AK$5)*$B17,$C17*AK$5) -> 314.40415 | AL17: =IF($C17*AL$5>(5%*AL$5),(5%*AL$5)*$B17,$C17*AL$5) -> 312.93693 | AM17: =IF($C17*AM$5>(5%*AM$5),(5%*AM$5)*$B17,$C17*AM$5) -> 311.47656 | AN17: =IF($C17*AN$5>(5%*AN$5),(5%*AN$5)*$B17,$C17*AN$5) -> 310.023 | AO17: =IF($C17*AO$5>(5%*AO$5),(5%*AO$5)*$B17,$C17*AO$5) -> 308.57623 | ... AS17: =IF($C17*AS$5>(5%*AS$5),(5%*AS$5)*$B17,$C17*AS$5) -> 302.85634 | AW17: =IF($C17*AW$5>(5%*AW$5),(5%*AW$5)*$B17,$C17*AW$5) -> 449.67504 | AX17: =IF($C17*AX$5>(5%*AX$5),(5%*AX$5)*$B17,$C17*AX$5) -> 417.48422 | AY17: =IF($C17*AY$5>(5%*AY$5),(5%*AY$5)*$B17,$C17*AY$5) -> 415.11847 | AZ17: =IF($C17*AZ$5>(5%*AZ$5),(5%*AZ$5)*$B17,$C17*AZ$5) -> 412.76613 | BA17: =IF($C17*BA$5>(5%*BA$5),(5%*BA$5)*$B17,$C17*BA$5) -> 410.42713 | BB17: =IF($C17*BB$5>(5%*BB$5),(5%*BB$5)*$B17,$C17*BB$5) -> 408.10137 | BC17: =IF($C17*BC$5>(5%*BC$5),(5%*BC$5)*$B17,$C17*BC$5) -> 405.7888 | BD17: =IF($C17*BD$5>(5%*BD$5),(5%*BD$5)*$B17,$C17*BD$5) -> 403.48933 | ... BH17: =IF($C17*BH$5>(5%*BH$5),(5%*BH$5)*$B17,$C17*BH$5) -> 394.42102 | BL17: =IF($C17*BL$5>(5%*BL$5),(5%*BL$5)*$B17,$C17*BL$5) -> 562.0938 | BM17: =IF($C17*BM$5>(5%*BM$5),(5%*BM$5)*$B17,$C17*BM$5) -> 514.99172 | BN17: =IF($C17*BN$5>(5%*BN$5),(5%*BN$5)*$B17,$C17*BN$5) -> 511.55844 | BO17: =IF($C17*BO$5>(5%*BO$5),(5%*BO$5)*$B17,$C17*BO$5) -> 508.14805 | BP17: =IF($C17*BP$5>(5%*BP$5),(5%*BP$5)*$B17,$C17*BP$5) -> 504.76039 | BQ17: =IF($C17*BQ$5>(5%*BQ$5),(5%*BQ$5)*$B17,$C17*BQ$5) -> 501.39532 | BR17: =IF($C17*BR$5>(5%*BR$5),(5%*BR$5)*$B17,$C17*BR$5) -> 498.05269 | BS17: =IF($C17*BS$5>(5%*BS$5),(5%*BS$5)*$B17,$C17*BS$5) -> 494.73234 | ... BW17: =IF($C17*BW$5>(5%*BW$5),(5%*BW$5)*$B17,$C17*BW$5) -> 481.67082
A18: 11 | B18: 0.88 | C18: =B18/SUM($B$8:$B$107) -> 0.015457579 | D18: =IF($C18*D$5>(5%*D$5),(5%*D$5)*$B18,$C18*D$5) -> 373.12898 | E18: =IF($C18*E$5>(5%*E$5),(5%*E$5)*$B18,$C18*E$5) -> 372.04069 | F18: =IF($C18*F$5>(5%*F$5),(5%*F$5)*$B18,$C18*F$5) -> 370.95557 | G18: =IF($C18*G$5>(5%*G$5),(5%*G$5)*$B18,$C18*G$5) -> 369.87361 | H18: =IF($C18*H$5>(5%*H$5),(5%*H$5)*$B18,$C18*H$5) -> 368.79482 | I18: =IF($C18*I$5>(5%*I$5),(5%*I$5)*$B18,$C18*I$5) -> 367.71916 | J18: =IF($C18*J$5>(5%*J$5),(5%*J$5)*$B18,$C18*J$5) -> 366.64665 | K18: =IF($C18*K$5>(5%*K$5),(5%*K$5)*$B18,$C18*K$5) -> 365.57726 | ... O18: =IF($C18*O$5>(5%*O$5),(5%*O$5)*$B18,$C18*O$5) -> 361.33082 | S18: =IF($C18*S$5>(5%*S$5),(5%*S$5)*$B18,$C18*S$5) -> 735.10843 | T18: =IF($C18*T$5>(5%*T$5),(5%*T$5)*$B18,$C18*T$5) -> 732.04548 | U18: =IF($C18*U$5>(5%*U$5),(5%*U$5)*$B18,$C18*U$5) -> 728.99529 | V18: =IF($C18*V$5>(5%*V$5),(5%*V$5)*$B18,$C18*V$5) -> 725.95781 | W18: =IF($C18*W$5>(5%*W$5),(5%*W$5)*$B18,$C18*W$5) -> 722.93298 | X18: =IF($C18*X$5>(5%*X$5),(5%*X$5)*$B18,$C18*X$5) -> 719.92076 | Y18: =IF($C18*Y$5>(5%*Y$5),(5%*Y$5)*$B18,$C18*Y$5) -> 716.92109 | Z18: =IF($C18*Z$5>(5%*Z$5),(5%*Z$5)*$B18,$C18*Z$5) -> 713.93392 | ... AD18: =IF($C18*AD$5>(5%*AD$5),(5%*AD$5)*$B18,$C18*AD$5) -> 702.10919 | AH18: =IF($C18*AH$5>(5%*AH$5),(5%*AH$5)*$B18,$C18*AH$5) -> 876.82984 | AI18: =IF($C18*AI$5>(5%*AI$5),(5%*AI$5)*$B18,$C18*AI$5) -> 872.73797 | AJ18: =IF($C18*AJ$5>(5%*AJ$5),(5%*AJ$5)*$B18,$C18*AJ$5) -> 868.66519 | AK18: =IF($C18*AK$5>(5%*AK$5),(5%*AK$5)*$B18,$C18*AK$5) -> 864.61142 | AL18: =IF($C18*AL$5>(5%*AL$5),(5%*AL$5)*$B18,$C18*AL$5) -> 860.57657 | AM18: =IF($C18*AM$5>(5%*AM$5),(5%*AM$5)*$B18,$C18*AM$5) -> 856.56055 | AN18: =IF($C18*AN$5>(5%*AN$5),(5%*AN$5)*$B18,$C18*AN$5) -> 852.56326 | AO18: =IF($C18*AO$5>(5%*AO$5),(5%*AO$5)*$B18,$C18*AO$5) -> 848.58463 | ... AS18: =IF($C18*AS$5>(5%*AS$5),(5%*AS$5)*$B18,$C18*AS$5) -> 832.85492 | AW18: =IF($C18*AW$5>(5%*AW$5),(5%*AW$5)*$B18,$C18*AW$5) -> 1236.6064 | AX18: =IF($C18*AX$5>(5%*AX$5),(5%*AX$5)*$B18,$C18*AX$5) -> 1148.0816 | AY18: =IF($C18*AY$5>(5%*AY$5),(5%*AY$5)*$B18,$C18*AY$5) -> 1141.5758 | AZ18: =IF($C18*AZ$5>(5%*AZ$5),(5%*AZ$5)*$B18,$C18*AZ$5) -> 1135.1069 | BA18: =IF($C18*BA$5>(5%*BA$5),(5%*BA$5)*$B18,$C18*BA$5) -> 1128.6746 | BB18: =IF($C18*BB$5>(5%*BB$5),(5%*BB$5)*$B18,$C18*BB$5) -> 1122.2788 | BC18: =IF($C18*BC$5>(5%*BC$5),(5%*BC$5)*$B18,$C18*BC$5) -> 1115.9192 | BD18: =IF($C18*BD$5>(5%*BD$5),(5%*BD$5)*$B18,$C18*BD$5) -> 1109.5957 | ... BH18: =IF($C18*BH$5>(5%*BH$5),(5%*BH$5)*$B18,$C18*BH$5) -> 1084.6578 | BL18: =IF($C18*BL$5>(5%*BL$5),(5%*BL$5)*$B18,$C18*BL$5) -> 1545.7579 | BM18: =IF($C18*BM$5>(5%*BM$5),(5%*BM$5)*$B18,$C18*BM$5) -> 1416.2272 | BN18: =IF($C18*BN$5>(5%*BN$5),(5%*BN$5)*$B18,$C18*BN$5) -> 1406.7857 | BO18: =IF($C18*BO$5>(5%*BO$5),(5%*BO$5)*$B18,$C18*BO$5) -> 1397.4071 | BP18: =IF($C18*BP$5>(5%*BP$5),(5%*BP$5)*$B18,$C18*BP$5) -> 1388.0911 | BQ18: =IF($C18*BQ$5>(5%*BQ$5),(5%*BQ$5)*$B18,$C18*BQ$5) -> 1378.8371 | BR18: =IF($C18*BR$5>(5%*BR$5),(5%*BR$5)*$B18,$C18*BR$5) -> 1369.6449 | BS18: =IF($C18*BS$5>(5%*BS$5),(5%*BS$5)*$B18,$C18*BS$5) -> 1360.5139 | ... BW18: =IF($C18*BW$5>(5%*BW$5),(5%*BW$5)*$B18,$C18*BW$5) -> 1324.5948
A19: 12 | B19: 0.1 | C19: =B19/SUM($B$8:$B$107) -> 0.0017565431 | D19: =IF($C19*D$5>(5%*D$5),(5%*D$5)*$B19,$C19*D$5) -> 42.40102 | E19: =IF($C19*E$5>(5%*E$5),(5%*E$5)*$B19,$C19*E$5) -> 42.277351 | F19: =IF($C19*F$5>(5%*F$5),(5%*F$5)*$B19,$C19*F$5) -> 42.154042 | G19: =IF($C19*G$5>(5%*G$5),(5%*G$5)*$B19,$C19*G$5) -> 42.031092 | H19: =IF($C19*H$5>(5%*H$5),(5%*H$5)*$B19,$C19*H$5) -> 41.908502 | I19: =IF($C19*I$5>(5%*I$5),(5%*I$5)*$B19,$C19*I$5) -> 41.786269 | J19: =IF($C19*J$5>(5%*J$5),(5%*J$5)*$B19,$C19*J$5) -> 41.664392 | K19: =IF($C19*K$5>(5%*K$5),(5%*K$5)*$B19,$C19*K$5) -> 41.542871 | ... O19: =IF($C19*O$5>(5%*O$5),(5%*O$5)*$B19,$C19*O$5) -> 41.06032 | S19: =IF($C19*S$5>(5%*S$5),(5%*S$5)*$B19,$C19*S$5) -> 83.535049 | T19: =IF($C19*T$5>(5%*T$5),(5%*T$5)*$B19,$C19*T$5) -> 83.186986 | U19: =IF($C19*U$5>(5%*U$5),(5%*U$5)*$B19,$C19*U$5) -> 82.840374 | V19: =IF($C19*V$5>(5%*V$5),(5%*V$5)*$B19,$C19*V$5) -> 82.495206 | W19: =IF($C19*W$5>(5%*W$5),(5%*W$5)*$B19,$C19*W$5) -> 82.151476 | X19: =IF($C19*X$5>(5%*X$5),(5%*X$5)*$B19,$C19*X$5) -> 81.809178 | Y19: =IF($C19*Y$5>(5%*Y$5),(5%*Y$5)*$B19,$C19*Y$5) -> 81.468306 | Z19: =IF($C19*Z$5>(5%*Z$5),(5%*Z$5)*$B19,$C19*Z$5) -> 81.128855 | ... AD19: =IF($C19*AD$5>(5%*AD$5),(5%*AD$5)*$B19,$C19*AD$5) -> 79.785135 | AH19: =IF($C19*AH$5>(5%*AH$5),(5%*AH$5)*$B19,$C19*AH$5) -> 99.639755 | AI19: =IF($C19*AI$5>(5%*AI$5),(5%*AI$5)*$B19,$C19*AI$5) -> 99.174769 | AJ19: =IF($C19*AJ$5>(5%*AJ$5),(5%*AJ$5)*$B19,$C19*AJ$5) -> 98.711954 | AK19: =IF($C19*AK$5>(5%*AK$5),(5%*AK$5)*$B19,$C19*AK$5) -> 98.251298 | AL19: =IF($C19*AL$5>(5%*AL$5),(5%*AL$5)*$B19,$C19*AL$5) -> 97.792792 | AM19: =IF($C19*AM$5>(5%*AM$5),(5%*AM$5)*$B19,$C19*AM$5) -> 97.336426 | AN19: =IF($C19*AN$5>(5%*AN$5),(5%*AN$5)*$B19,$C19*AN$5) -> 96.882189 | AO19: =IF($C19*AO$5>(5%*AO$5),(5%*AO$5)*$B19,$C19*AO$5) -> 96.430072 | ... AS19: =IF($C19*AS$5>(5%*AS$5),(5%*AS$5)*$B19,$C19*AS$5) -> 94.642605 | AW19: =IF($C19*AW$5>(5%*AW$5),(5%*AW$5)*$B19,$C19*AW$5) -> 140.52345 | AX19: =IF($C19*AX$5>(5%*AX$5),(5%*AX$5)*$B19,$C19*AX$5) -> 130.46382 | AY19: =IF($C19*AY$5>(5%*AY$5),(5%*AY$5)*$B19,$C19*AY$5) -> 129.72452 | AZ19: =IF($C19*AZ$5>(5%*AZ$5),(5%*AZ$5)*$B19,$C19*AZ$5) -> 128.98942 | BA19: =IF($C19*BA$5>(5%*BA$5),(5%*BA$5)*$B19,$C19*BA$5) -> 128.25848 | BB19: =IF($C19*BB$5>(5%*BB$5),(5%*BB$5)*$B19,$C19*BB$5) -> 127.53168 | BC19: =IF($C19*BC$5>(5%*BC$5),(5%*BC$5)*$B19,$C19*BC$5) -> 126.809 | BD19: =IF($C19*BD$5>(5%*BD$5),(5%*BD$5)*$B19,$C19*BD$5) -> 126.09041 | ... BH19: =IF($C19*BH$5>(5%*BH$5),(5%*BH$5)*$B19,$C19*BH$5) -> 123.25657 | BL19: =IF($C19*BL$5>(5%*BL$5),(5%*BL$5)*$B19,$C19*BL$5) -> 175.65431 | BM19: =IF($C19*BM$5>(5%*BM$5),(5%*BM$5)*$B19,$C19*BM$5) -> 160.93491 | BN19: =IF($C19*BN$5>(5%*BN$5),(5%*BN$5)*$B19,$C19*BN$5) -> 159.86201 | BO19: =IF($C19*BO$5>(5%*BO$5),(5%*BO$5)*$B19,$C19*BO$5) -> 158.79626 | BP19: =IF($C19*BP$5>(5%*BP$5),(5%*BP$5)*$B19,$C19*BP$5) -> 157.73762 | BQ19: =IF($C19*BQ$5>(5%*BQ$5),(5%*BQ$5)*$B19,$C19*BQ$5) -> 156.68604 | BR19: =IF($C19*BR$5>(5%*BR$5),(5%*BR$5)*$B19,$C19*BR$5) -> 155.64147 | BS19: =IF($C19*BS$5>(5%*BS$5),(5%*BS$5)*$B19,$C19*BS$5) -> 154.60386 | ... BW19: =IF($C19*BW$5>(5%*BW$5),(5%*BW$5)*$B19,$C19*BW$5) -> 150.52213
... A107: 100 | B107: 0.42 | C107: =B107/SUM($B$8:$B$107) -> 0.0073774811 | D107: =IF($C107*D$5>(5%*D$5),(5%*D$5)*$B107,$C107*D$5) -> 178.08429 | E107: =IF($C107*E$5>(5%*E$5),(5%*E$5)*$B107,$C107*E$5) -> 177.56487 | F107: =IF($C107*F$5>(5%*F$5),(5%*F$5)*$B107,$C107*F$5) -> 177.04698 | G107: =IF($C107*G$5>(5%*G$5),(5%*G$5)*$B107,$C107*G$5) -> 176.53059 | H107: =IF($C107*H$5>(5%*H$5),(5%*H$5)*$B107,$C107*H$5) -> 176.01571 | I107: =IF($C107*I$5>(5%*I$5),(5%*I$5)*$B107,$C107*I$5) -> 175.50233 | J107: =IF($C107*J$5>(5%*J$5),(5%*J$5)*$B107,$C107*J$5) -> 174.99045 | K107: =IF($C107*K$5>(5%*K$5),(5%*K$5)*$B107,$C107*K$5) -> 174.48006 | ... O107: =IF($C107*O$5>(5%*O$5),(5%*O$5)*$B107,$C107*O$5) -> 172.45335 | S107: =IF($C107*S$5>(5%*S$5),(5%*S$5)*$B107,$C107*S$5) -> 350.84721 | T107: =IF($C107*T$5>(5%*T$5),(5%*T$5)*$B107,$C107*T$5) -> 349.38534 | U107: =IF($C107*U$5>(5%*U$5),(5%*U$5)*$B107,$C107*U$5) -> 347.92957 | V107: =IF($C107*V$5>(5%*V$5),(5%*V$5)*$B107,$C107*V$5) -> 346.47986 | W107: =IF($C107*W$5>(5%*W$5),(5%*W$5)*$B107,$C107*W$5) -> 345.0362 | X107: =IF($C107*X$5>(5%*X$5),(5%*X$5)*$B107,$C107*X$5) -> 343.59855 | Y107: =IF($C107*Y$5>(5%*Y$5),(5%*Y$5)*$B107,$C107*Y$5) -> 342.16689 | Z107: =IF($C107*Z$5>(5%*Z$5),(5%*Z$5)*$B107,$C107*Z$5) -> 340.74119 | ... AD107: =IF($C107*AD$5>(5%*AD$5),(5%*AD$5)*$B107,$C107*AD$5) -> 335.09757 | AH107: =IF($C107*AH$5>(5%*AH$5),(5%*AH$5)*$B107,$C107*AH$5) -> 418.48697 | AI107: =IF($C107*AI$5>(5%*AI$5),(5%*AI$5)*$B107,$C107*AI$5) -> 416.53403 | AJ107: =IF($C107*AJ$5>(5%*AJ$5),(5%*AJ$5)*$B107,$C107*AJ$5) -> 414.59021 | AK107: =IF($C107*AK$5>(5%*AK$5),(5%*AK$5)*$B107,$C107*AK$5) -> 412.65545 | AL107: =IF($C107*AL$5>(5%*AL$5),(5%*AL$5)*$B107,$C107*AL$5) -> 410.72973 | AM107: =IF($C107*AM$5>(5%*AM$5),(5%*AM$5)*$B107,$C107*AM$5) -> 408.81299 | AN107: =IF($C107*AN$5>(5%*AN$5),(5%*AN$5)*$B107,$C107*AN$5) -> 406.90519 | AO107: =IF($C107*AO$5>(5%*AO$5),(5%*AO$5)*$B107,$C107*AO$5) -> 405.0063 | ... AS107: =IF($C107*AS$5>(5%*AS$5),(5%*AS$5)*$B107,$C107*AS$5) -> 397.49894 | AW107: =IF($C107*AW$5>(5%*AW$5),(5%*AW$5)*$B107,$C107*AW$5) -> 590.19849 | AX107: =IF($C107*AX$5>(5%*AX$5),(5%*AX$5)*$B107,$C107*AX$5) -> 547.94803 | AY107: =IF($C107*AY$5>(5%*AY$5),(5%*AY$5)*$B107,$C107*AY$5) -> 544.84299 | AZ107: =IF($C107*AZ$5>(5%*AZ$5),(5%*AZ$5)*$B107,$C107*AZ$5) -> 541.75555 | BA107: =IF($C107*BA$5>(5%*BA$5),(5%*BA$5)*$B107,$C107*BA$5) -> 538.6856 | BB107: =IF($C107*BB$5>(5%*BB$5),(5%*BB$5)*$B107,$C107*BB$5) -> 535.63305 | BC107: =IF($C107*BC$5>(5%*BC$5),(5%*BC$5)*$B107,$C107*BC$5) -> 532.5978 | BD107: =IF($C107*BD$5>(5%*BD$5),(5%*BD$5)*$B107,$C107*BD$5) -> 529.57974 | ... BH107: =IF($C107*BH$5>(5%*BH$5),(5%*BH$5)*$B107,$C107*BH$5) -> 517.67758 | BL107: =IF($C107*BL$5>(5%*BL$5),(5%*BL$5)*$B107,$C107*BL$5) -> 737.74811 | BM107: =IF($C107*BM$5>(5%*BM$5),(5%*BM$5)*$B107,$C107*BM$5) -> 675.92663 | BN107: =IF($C107*BN$5>(5%*BN$5),(5%*BN$5)*$B107,$C107*BN$5) -> 671.42045 | BO107: =IF($C107*BO$5>(5%*BO$5),(5%*BO$5)*$B107,$C107*BO$5) -> 666.94431 | BP107: =IF($C107*BP$5>(5%*BP$5),(5%*BP$5)*$B107,$C107*BP$5) -> 662.49802 | BQ107: =IF($C107*BQ$5>(5%*BQ$5),(5%*BQ$5)*$B107,$C107*BQ$5) -> 658.08136 | BR107: =IF($C107*BR$5>(5%*BR$5),(5%*BR$5)*$B107,$C107*BR$5) -> 653.69415 | BS107: =IF($C107*BS$5>(5%*BS$5),(5%*BS$5)*$B107,$C107*BS$5) -> 649.33619 | ... BW107: =IF($C107*BW$5>(5%*BW$5),(5%*BW$5)*$B107,$C107*BW$5) -> 632.19295

Sheet Year 3
D1: {=INDIRECT("'Year "&$A$2-1&"'!$P$4")} -> 13984477 | E1: =D1-(D5+D6) -> 13943689 | F1: =E1-(E5+E6) -> 13903020 | G1: =F1-(F5+F6) -> 13862469 | H1: =G1-(G5+G6) -> 13822037 | I1: =H1-(H5+H6) -> 13781723 | J1: =I1-(I5+I6) -> 13741526 | K1: =J1-(J5+J6) -> 13701447 | L1: =K1-(K5+K6) -> 13661484 | ... P1: =O1-(O5+O6) -> 13502796 | S1: {=INDIRECT("'Year "&$A$2-1&"'!$ae$4")} -> 13569726 | T1: =S1-(S5+S6) -> 13513186 | U1: =T1-(T5+T6) -> 13456881 | V1: =U1-(U5+U6) -> 13400810 | W1: =V1-(V5+V6) -> 13344974 | X1: =W1-(W5+W6) -> 13289370 | Y1: =X1-(X5+X6) -> 13233997 | Z1: =Y1-(Y5+Y6) -> 13178855 | AA1: =Z1-(Z5+Z6) -> 13123944 | ... AE1: =AD1-(AD5+AD6) -> 12906574 | AH1: {=INDIRECT("'Year "&$A$2-1&"'!$at$4")} -> 13407149 | AI1: =AH1-(AH5+AH6) -> 13344582 | AJ1: =AI1-(AI5+AI6) -> 13282307 | AK1: =AJ1-(AJ5+AJ6) -> 13220323 | AL1: =AK1-(AK5+AK6) -> 13158628 | AM1: =AL1-(AL5+AL6) -> 13097221 | AN1: =AM1-(AM5+AM6) -> 13036101 | AO1: =AN1-(AN5+AN6) -> 12975266 | AP1: =AO1-(AO5+AO6) -> 12914715 | ... AT1: =AS1-(AS5+AS6) -> 12675322 | AW1: {=INDIRECT("'Year "&$A$2-1&"'!$bi$4")} -> 13082313 | AX1: =AW1-(AW5+AW6) -> 12997313 | AY1: =AX1-(AX5+AX6) -> 12923661 | AZ1: =AY1-(AY5+AY6) -> 12850427 | BA1: =AZ1-(AZ5+AZ6) -> 12777608 | BB1: =BA1-(BA5+BA6) -> 12705202 | BC1: =BB1-(BB5+BB6) -> 12633205 | BD1: =BC1-(BC5+BC6) -> 12561617 | BE1: =BD1-(BD5+BD6) -> 12490435 | ... BI1: =BH1-(BH5+BH6) -> 12209716 | BL1: {=INDIRECT("'Year "&$A$2-1&"'!$bx$4")} -> 12768145 | BM1: =BL1-(BL5+BL6) -> 12668145 | BN1: =BM1-(BM5+BM6) -> 12583691 | BO1: =BN1-(BN5+BN6) -> 12499800 | BP1: =BO1-(BO5+BO6) -> 12416468 | BQ1: =BP1-(BP5+BP6) -> 12333691 | BR1: =BQ1-(BQ5+BQ6) -> 12251466 | BS1: =BR1-(BR5+BR6) -> 12169790 | BT1: =BS1-(BS5+BS6) -> 12088658 | ... BX1: =BW1-(BW5+BW6) -> 11769503
A2: 3 | B2: Burn | C2: Volume <= $50M | R2: Volume $50M - $200M | AG2: Volume $200M - $500M | AV2: Volume $500M – $1B | BK2: Volume > $1B
B3: =Simulations!$B$1 -> 0.25 | C3: 0.25 | D3: Jan | E3: Feb | F3: Mar | G3: Apr | H3: May | I3: Jun | J3: Jul | K3: Aug | L3: Sep | M3: Oct | N3: Nov | O3: Dec | P3: Remaining | R3: 0.5 | S3: Jan | T3: Feb | U3: Mar | V3: Apr | W3: May | X3: Jun | Y3: Jul | Z3: Aug | AA3: Sep | AB3: Oct | AC3: Nov | AD3: Dec | AE3: Remaining | AG3: 0.6 | AH3: Jan | AI3: Feb | AJ3: Mar | AK3: Apr | AL3: May | AM3: Jun | AN3: Jul | AO3: Aug | AP3: Sep | AQ3: Oct | AR3: Nov | AS3: Dec | AT3: Remaining | AV3: 0.8 | AW3: Jan | AX3: Feb | AY3: Mar | AZ3: Apr | BA3: May | BB3: Jun | BC3: Jul | BD3: Aug | BE3: Sep | BF3: Oct | BG3: Nov | BH3: Dec | BI3: Remaining | BK3: 1 | BL3: Jan | BM3: Feb | BN3: Mar | BO3: Apr | BP3: May | BQ3: Jun | BR3: Jul | BS3: Aug | BT3: Sep | BU3: Oct | BV3: Nov | BW3: Dec | BX3: Remaining
C4: Monthly maximum | D4: {=INDIRECT("Simulations!$c$"&$A$2+3)*(D1/12)} -> 93229.846 | E4: {=INDIRECT("Simulations!$c$"&$A$2+3)*(E1/12)} -> 92957.925 | F4: {=INDIRECT("Simulations!$c$"&$A$2+3)*(F1/12)} -> 92686.798 | G4: {=INDIRECT("Simulations!$c$"&$A$2+3)*(G1/12)} -> 92416.462 | H4: {=INDIRECT("Simulations!$c$"&$A$2+3)*(H1/12)} -> 92146.914 | I4: {=INDIRECT("Simulations!$c$"&$A$2+3)*(I1/12)} -> 91878.152 | J4: {=INDIRECT("Simulations!$c$"&$A$2+3)*(J1/12)} -> 91610.174 | K4: {=INDIRECT("Simulations!$c$"&$A$2+3)*(K1/12)} -> 91342.977 | ... O4: {=INDIRECT("Simulations!$c$"&$A$2+3)*(O1/12)} -> 90281.963 | P4: =$D$1-($P$5+$P$6) -> 13502796 | R4: Monthly maximum | S4: {=INDIRECT("Simulations!$c$"&$A$2+3)*(S1/12)} -> 90464.84 | T4: {=(INDIRECT("Simulations!$c$"&$A$2+3)*(T1/12))} -> 90087.904 | U4: {=(INDIRECT("Simulations!$c$"&$A$2+3)*(U1/12))} -> 89712.537 | V4: {=(INDIRECT("Simulations!$c$"&$A$2+3)*(V1/12))} -> 89338.735 | W4: {=(INDIRECT("Simulations!$c$"&$A$2+3)*(W1/12))} -> 88966.49 | X4: {=(INDIRECT("Simulations!$c$"&$A$2+3)*(X1/12))} -> 88595.797 | Y4: {=(INDIRECT("Simulations!$c$"&$A$2+3)*(Y1/12))} -> 88226.648 | Z4: {=(INDIRECT("Simulations!$c$"&$A$2+3)*(Z1/12))} -> 87859.037 | AA4: {=(INDIRECT("Simulations!$c$"&$A$2+3)*(AA1/12))} -> 87492.957 | ... AD4: {=(INDIRECT("Simulations!$c$"&$A$2+3)*(AD1/12))} -> 86403.846 | AE4: =$S$1-($AE$5+$AE$6) -> 12906574 | AG4: Monthly maximum | AH4: {=INDIRECT("Simulations!$c$"&$A$2+3)*(AH1/12)} -> 89380.992 | AI4: {=INDIRECT("Simulations!$c$"&$A$2+3)*(AI1/12)} -> 88963.88 | AJ4: {=INDIRECT("Simulations!$c$"&$A$2+3)*(AJ1/12)} -> 88548.715 | AK4: {=INDIRECT("Simulations!$c$"&$A$2+3)*(AK1/12)} -> 88135.488 | AL4: {=INDIRECT("Simulations!$c$"&$A$2+3)*(AL1/12)} -> 87724.189 | AM4: {=INDIRECT("Simulations!$c$"&$A$2+3)*(AM1/12)} -> 87314.81 | AN4: {=INDIRECT("Simulations!$c$"&$A$2+3)*(AN1/12)} -> 86907.341 | AO4: {=INDIRECT("Simulations!$c$"&$A$2+3)*(AO1/12)} -> 86501.773 | ... AS4: {=INDIRECT("Simulations!$c$"&$A$2+3)*(AS1/12)} -> 84898.341 | AT4: =$AH$1-($AT$5+$AT$6) -> 12675322 | AV4: Monthly maximum | AW4: 100000 | AX4: {=(INDIRECT("Simulations!$c$"&$A$2+3)*(AX1/12))} -> 86648.751 | AY4: {=(INDIRECT("Simulations!$c$"&$A$2+3)*(AY1/12))} -> 86157.741 | AZ4: {=(INDIRECT("Simulations!$c$"&$A$2+3)*(AZ1/12))} -> 85669.514 | BA4: {=(INDIRECT("Simulations!$c$"&$A$2+3)*(BA1/12))} -> 85184.053 | BB4: {=(INDIRECT("Simulations!$c$"&$A$2+3)*(BB1/12))} -> 84701.344 | BC4: {=(INDIRECT("Simulations!$c$"&$A$2+3)*(BC1/12))} -> 84221.369 | BD4: {=(INDIRECT("Simulations!$c$"&$A$2+3)*(BD1/12))} -> 83744.115 | BE4: {=(INDIRECT("Simulations!$c$"&$A$2+3)*(BE1/12))} -> 83269.565 | ... BH4: {=(INDIRECT("Simulations!$c$"&$A$2+3)*(BH1/12))} -> 81861.989 | BI4: =$AW$1-($BI$5+$BI$6) -> 12209716 | BK4: Monthly maximum | BL4: {=INDIRECT("Simulations!$c$"&$A$2+3)*Simulations!$D$1/12} -> 100000 | BM4: {=INDIRECT("Simulations!$c$"&$A$2+3)*(BM1/12)} -> 84454.301 | BN4: {=INDIRECT("Simulations!$c$"&$A$2+3)*(BN1/12)} -> 83891.272 | BO4: {=INDIRECT("Simulations!$c$"&$A$2+3)*(BO1/12)} -> 83331.997 | BP4: {=INDIRECT("Simulations!$c$"&$A$2+3)*(BP1/12)} -> 82776.45 | BQ4: {=INDIRECT("Simulations!$c$"&$A$2+3)*(BQ1/12)} -> 82224.607 | BR4: {=INDIRECT("Simulations!$c$"&$A$2+3)*(BR1/12)} -> 81676.443 | BS4: {=INDIRECT("Simulations!$c$"&$A$2+3)*(BS1/12)} -> 81131.934 | BT4: {=INDIRECT("Simulations!$c$"&$A$2+3)*(BT1/12)} -> 80591.054 | ... BW4: {=INDIRECT("Simulations!$c$"&$A$2+3)*(BW1/12)} -> 78989.955 | BX4: =$BL$1-($BX$5+$BX$6) -> 11769503
C5: Total Distributed | D5: =$C$3*D4 -> 23307.461 | E5: =$C$3*E4 -> 23239.481 | F5: =$C$3*F4 -> 23171.7 | G5: =$C$3*G4 -> 23104.115 | H5: =$C$3*H4 -> 23036.728 | I5: =$C$3*I4 -> 22969.538 | J5: =$C$3*J4 -> 22902.543 | K5: =$C$3*K4 -> 22835.744 | ... O5: =$C$3*O4 -> 22570.491 | P5: =SUM(D5:O5) -> 275246.19 | R5: Total Distributed | S5: =$R$3*S4 -> 45232.42 | T5: =$R$3*T4 -> 45043.952 | U5: =$R$3*U4 -> 44856.269 | V5: =$R$3*V4 -> 44669.368 | W5: =$R$3*W4 -> 44483.245 | X5: =$R$3*X4 -> 44297.898 | Y5: =$R$3*Y4 -> 44113.324 | Z5: =$R$3*Z4 -> 43929.518 | ... AD5: =$R$3*AD4 -> 43201.923 | AE5: =SUM(S5:AD5) -> 530521.28 | AG5: Total Distributed | AH5: =$AG$3*AH4 -> 53628.595 | AI5: =$AG$3*AI4 -> 53378.328 | AJ5: =$AG$3*AJ4 -> 53129.229 | AK5: =$AG$3*AK4 -> 52881.293 | AL5: =$AG$3*AL4 -> 52634.514 | AM5: =$AG$3*AM4 -> 52388.886 | AN5: =$AG$3*AN4 -> 52144.404 | AO5: =$AG$3*AO4 -> 51901.064 | ... AS5: =$AG$3*AS4 -> 50939.005 | AT5: =SUM(AH5:AS5) -> 627279.79 | AV5: Total Distributed | AW5: =$AV$3*AW4 -> 80000 | AX5: =$AV$3*AX4 -> 69319.001 | AY5: =$AV$3*AY4 -> 68926.193 | AZ5: =$AV$3*AZ4 -> 68535.611 | BA5: =$AV$3*BA4 -> 68147.243 | BB5: =$AV$3*BB4 -> 67761.075 | BC5: =$AV$3*BC4 -> 67377.096 | BD5: =$AV$3*BD4 -> 66995.292 | ... BH5: =$AV$3*BH4 -> 65489.591 | BI5: =SUM(AW5:BH5) -> 821267.73 | BK5: Total Distributed | BL5: =$BK$3*BL4 -> 100000 | BM5: =$BK$3*BM4 -> 84454.301 | BN5: =$BK$3*BN4 -> 83891.272 | BO5: =$BK$3*BO4 -> 83331.997 | BP5: =$BK$3*BP4 -> 82776.45 | BQ5: =$BK$3*BQ4 -> 82224.607 | BR5: =$BK$3*BR4 -> 81676.443 | BS5: =$BK$3*BS4 -> 81131.934 | ... BW5: =$BK$3*BW4 -> 78989.955 | BX5: =SUM(BL5:BW5) -> 998641.88
C6: Total Burned | D6: =$B$3*(D4-D5) -> 17480.596 | E6: =$B$3*(E4-E5) -> 17429.611 | F6: =$B$3*(F4-F5) -> 17378.775 | G6: =$B$3*(G4-G5) -> 17328.087 | H6: =$B$3*(H4-H5) -> 17277.546 | I6: =$B$3*(I4-I5) -> 17227.153 | J6: =$B$3*(J4-J5) -> 17176.908 | K6: =$B$3*(K4-K5) -> 17126.808 | ... O6: =$B$3*(O4-O5) -> 16927.868 | P6: =SUM(D6:O6) -> 206434.64 | R6: Total Burned | S6: =$B$3*(S4-S5) -> 11308.105 | T6: =$B$3*(T4-T5) -> 11260.988 | U6: =$B$3*(U4-U5) -> 11214.067 | V6: =$B$3*(V4-V5) -> 11167.342 | W6: =$B$3*(W4-W5) -> 11120.811 | X6: =$B$3*(X4-X5) -> 11074.475 | Y6: =$B$3*(Y4-Y5) -> 11028.331 | Z6: =$B$3*(Z4-Z5) -> 10982.38 | ... AD6: =$B$3*(AD4-AD5) -> 10800.481 | AE6: =SUM(S6:AD6) -> 132630.32 | AG6: Total Burned | AH6: =$B$3*(AH4-AH5) -> 8938.0992 | AI6: =$B$3*(AI4-AI5) -> 8896.388 | AJ6: =$B$3*(AJ4-AJ5) -> 8854.8715 | AK6: =$B$3*(AK4-AK5) -> 8813.5488 | AL6: =$B$3*(AL4-AL5) -> 8772.4189 | AM6: =$B$3*(AM4-AM5) -> 8731.481 | AN6: =$B$3*(AN4-AN5) -> 8690.7341 | AO6: =$B$3*(AO4-AO5) -> 8650.1773 | ... AS6: =$B$3*(AS4-AS5) -> 8489.8341 | AT6: =SUM(AH6:AS6) -> 104546.63 | AV6: Total Burned | AW6: =$B$3*(AW4-AW5) -> 5000 | AX6: =$B$3*(AX4-AX5) -> 4332.4375 | AY6: =$B$3*(AY4-AY5) -> 4307.8871 | AZ6: =$B$3*(AZ4-AZ5) -> 4283.4757 | BA6: =$B$3*(BA4-BA5) -> 4259.2027 | BB6: =$B$3*(BB4-BB5) -> 4235.0672 | BC6: =$B$3*(BC4-BC5) -> 4211.0685 | BD6: =$B$3*(BD4-BD5) -> 4187.2058 | ... BH6: =$B$3*(BH4-BH5) -> 4093.0994 | BI6: =SUM(AW6:BH6) -> 51329.233 | BK6: Total Burned | BL6: =$B$3*(BL4-BL5) -> 0 | BM6: =$B$3*(BM4-BM5) -> 0 | BN6: =$B$3*(BN4-BN5) -> 0 | BO6: =$B$3*(BO4-BO5) -> 0 | BP6: =$B$3*(BP4-BP5) -> 0 | BQ6: =$B$3*(BQ4-BQ5) -> 0 | BR6: =$B$3*(BR4-BR5) -> 0 | BS6: =$B$3*(BS4-BS5) -> 0 | ... BW6: =$B$3*(BW4-BW5) -> 0 | BX6: =SUM(BL6:BW6) -> 0
A7: User | B7: User Score | C7: Pool Participation | D7: User Receives | E7: User Receives | F7: User Receives | G7: User Receives | H7: User Receives | I7: User Receives | J7: User Receives | K7: User Receives | L7: User Receives | M7: User Receives | N7: User Receives | O7: User Receives | S7: User Receives | T7: User Receives | U7: User Receives | V7: User Receives | W7: User Receives | X7: User Receives | Y7: User Receives | Z7: User Receives | AA7: User Receives | AB7: User Receives | AC7: User Receives | AD7: User Receives | AH7: User Receives | AI7: User Receives | AJ7: User Receives | AK7: User Receives | AL7: User Receives | AM7: User Receives | AN7: User Receives | AO7: User Receives | AP7: User Receives | AQ7: User Receives | AR7: User Receives | AS7: User Receives | AW7: User Receives | AX7: User Receives | AY7: User Receives | AZ7: User Receives | BA7: User Receives | BB7: User Receives | BC7: User Receives | BD7: User Receives | BE7: User Receives | BF7: User Receives | BG7: User Receives | BH7: User Receives | BL7: User Receives | BM7: User Receives | BN7: User Receives | BO7: User Receives | BP7: User Receives | BQ7: User Receives | BR7: User Receives | BS7: User Receives | BT7: User Receives | BU7: User Receives | BV7: User Receives | BW7: User Receives
A8: 1 | B8: 1.1 | C8: =B8/SUM($B$8:$B$107) -> 0.019321974 | D8: =IF($C8*D$5>(5%*D$5),(5%*D$5)*$B8,$C8*D$5) -> 450.34617 | E8: =IF($C8*E$5>(5%*E$5),(5%*E$5)*$B8,$C8*E$5) -> 449.03266 | F8: =IF($C8*F$5>(5%*F$5),(5%*F$5)*$B8,$C8*F$5) -> 447.72298 | G8: =IF($C8*G$5>(5%*G$5),(5%*G$5)*$B8,$C8*G$5) -> 446.41713 | H8: =IF($C8*H$5>(5%*H$5),(5%*H$5)*$B8,$C8*H$5) -> 445.11508 | I8: =IF($C8*I$5>(5%*I$5),(5%*I$5)*$B8,$C8*I$5) -> 443.81682 | J8: =IF($C8*J$5>(5%*J$5),(5%*J$5)*$B8,$C8*J$5) -> 442.52236 | K8: =IF($C8*K$5>(5%*K$5),(5%*K$5)*$B8,$C8*K$5) -> 441.23167 | ... O8: =IF($C8*O$5>(5%*O$5),(5%*O$5)*$B8,$C8*O$5) -> 436.10644 | S8: =IF($C8*S$5>(5%*S$5),(5%*S$5)*$B8,$C8*S$5) -> 873.97966 | T8: =IF($C8*T$5>(5%*T$5),(5%*T$5)*$B8,$C8*T$5) -> 870.33808 | U8: =IF($C8*U$5>(5%*U$5),(5%*U$5)*$B8,$C8*U$5) -> 866.71167 | V8: =IF($C8*V$5>(5%*V$5),(5%*V$5)*$B8,$C8*V$5) -> 863.10037 | W8: =IF($C8*W$5>(5%*W$5),(5%*W$5)*$B8,$C8*W$5) -> 859.50412 | X8: =IF($C8*X$5>(5%*X$5),(5%*X$5)*$B8,$C8*X$5) -> 855.92286 | Y8: =IF($C8*Y$5>(5%*Y$5),(5%*Y$5)*$B8,$C8*Y$5) -> 852.35651 | Z8: =IF($C8*Z$5>(5%*Z$5),(5%*Z$5)*$B8,$C8*Z$5) -> 848.80503 | ... AD8: =IF($C8*AD$5>(5%*AD$5),(5%*AD$5)*$B8,$C8*AD$5) -> 834.74645 | AH8: =IF($C8*AH$5>(5%*AH$5),(5%*AH$5)*$B8,$C8*AH$5) -> 1036.2103 | AI8: =IF($C8*AI$5>(5%*AI$5),(5%*AI$5)*$B8,$C8*AI$5) -> 1031.3747 | AJ8: =IF($C8*AJ$5>(5%*AJ$5),(5%*AJ$5)*$B8,$C8*AJ$5) -> 1026.5616 | AK8: =IF($C8*AK$5>(5%*AK$5),(5%*AK$5)*$B8,$C8*AK$5) -> 1021.771 | AL8: =IF($C8*AL$5>(5%*AL$5),(5%*AL$5)*$B8,$C8*AL$5) -> 1017.0027 | AM8: =IF($C8*AM$5>(5%*AM$5),(5%*AM$5)*$B8,$C8*AM$5) -> 1012.2567 | AN8: =IF($C8*AN$5>(5%*AN$5),(5%*AN$5)*$B8,$C8*AN$5) -> 1007.5328 | AO8: =IF($C8*AO$5>(5%*AO$5),(5%*AO$5)*$B8,$C8*AO$5) -> 1002.831 | ... AS8: =IF($C8*AS$5>(5%*AS$5),(5%*AS$5)*$B8,$C8*AS$5) -> 984.24214 | AW8: =IF($C8*AW$5>(5%*AW$5),(5%*AW$5)*$B8,$C8*AW$5) -> 1545.7579 | AX8: =IF($C8*AX$5>(5%*AX$5),(5%*AX$5)*$B8,$C8*AX$5) -> 1339.38 | AY8: =IF($C8*AY$5>(5%*AY$5),(5%*AY$5)*$B8,$C8*AY$5) -> 1331.7901 | AZ8: =IF($C8*AZ$5>(5%*AZ$5),(5%*AZ$5)*$B8,$C8*AZ$5) -> 1324.2433 | BA8: =IF($C8*BA$5>(5%*BA$5),(5%*BA$5)*$B8,$C8*BA$5) -> 1316.7393 | BB8: =IF($C8*BB$5>(5%*BB$5),(5%*BB$5)*$B8,$C8*BB$5) -> 1309.2778 | BC8: =IF($C8*BC$5>(5%*BC$5),(5%*BC$5)*$B8,$C8*BC$5) -> 1301.8585 | BD8: =IF($C8*BD$5>(5%*BD$5),(5%*BD$5)*$B8,$C8*BD$5) -> 1294.4813 | ... BH8: =IF($C8*BH$5>(5%*BH$5),(5%*BH$5)*$B8,$C8*BH$5) -> 1265.3882 | BL8: =IF($C8*BL$5>(5%*BL$5),(5%*BL$5)*$B8,$C8*BL$5) -> 1932.1974 | BM8: =IF($C8*BM$5>(5%*BM$5),(5%*BM$5)*$B8,$C8*BM$5) -> 1631.8238 | BN8: =IF($C8*BN$5>(5%*BN$5),(5%*BN$5)*$B8,$C8*BN$5) -> 1620.945 | BO8: =IF($C8*BO$5>(5%*BO$5),(5%*BO$5)*$B8,$C8*BO$5) -> 1610.1387 | BP8: =IF($C8*BP$5>(5%*BP$5),(5%*BP$5)*$B8,$C8*BP$5) -> 1599.4045 | BQ8: =IF($C8*BQ$5>(5%*BQ$5),(5%*BQ$5)*$B8,$C8*BQ$5) -> 1588.7418 | BR8: =IF($C8*BR$5>(5%*BR$5),(5%*BR$5)*$B8,$C8*BR$5) -> 1578.1501 | BS8: =IF($C8*BS$5>(5%*BS$5),(5%*BS$5)*$B8,$C8*BS$5) -> 1567.6291 | ... BW8: =IF($C8*BW$5>(5%*BW$5),(5%*BW$5)*$B8,$C8*BW$5) -> 1526.2419
A9: 2 | B9: 0.43 | C9: =B9/SUM($B$8:$B$107) -> 0.0075531354 | D9: =IF($C9*D$5>(5%*D$5),(5%*D$5)*$B9,$C9*D$5) -> 176.04441 | E9: =IF($C9*E$5>(5%*E$5),(5%*E$5)*$B9,$C9*E$5) -> 175.53095 | F9: =IF($C9*F$5>(5%*F$5),(5%*F$5)*$B9,$C9*F$5) -> 175.01898 | G9: =IF($C9*G$5>(5%*G$5),(5%*G$5)*$B9,$C9*G$5) -> 174.50851 | H9: =IF($C9*H$5>(5%*H$5),(5%*H$5)*$B9,$C9*H$5) -> 173.99953 | I9: =IF($C9*I$5>(5%*I$5),(5%*I$5)*$B9,$C9*I$5) -> 173.49203 | J9: =IF($C9*J$5>(5%*J$5),(5%*J$5)*$B9,$C9*J$5) -> 172.98601 | K9: =IF($C9*K$5>(5%*K$5),(5%*K$5)*$B9,$C9*K$5) -> 172.48147 | ... O9: =IF($C9*O$5>(5%*O$5),(5%*O$5)*$B9,$C9*O$5) -> 170.47797 | S9: =IF($C9*S$5>(5%*S$5),(5%*S$5)*$B9,$C9*S$5) -> 341.6466 | T9: =IF($C9*T$5>(5%*T$5),(5%*T$5)*$B9,$C9*T$5) -> 340.22307 | U9: =IF($C9*U$5>(5%*U$5),(5%*U$5)*$B9,$C9*U$5) -> 338.80547 | V9: =IF($C9*V$5>(5%*V$5),(5%*V$5)*$B9,$C9*V$5) -> 337.39378 | W9: =IF($C9*W$5>(5%*W$5),(5%*W$5)*$B9,$C9*W$5) -> 335.98798 | X9: =IF($C9*X$5>(5%*X$5),(5%*X$5)*$B9,$C9*X$5) -> 334.58803 | Y9: =IF($C9*Y$5>(5%*Y$5),(5%*Y$5)*$B9,$C9*Y$5) -> 333.19391 | Z9: =IF($C9*Z$5>(5%*Z$5),(5%*Z$5)*$B9,$C9*Z$5) -> 331.8056 | ... AD9: =IF($C9*AD$5>(5%*AD$5),(5%*AD$5)*$B9,$C9*AD$5) -> 326.30997 | AH9: =IF($C9*AH$5>(5%*AH$5),(5%*AH$5)*$B9,$C9*AH$5) -> 405.06404 | AI9: =IF($C9*AI$5>(5%*AI$5),(5%*AI$5)*$B9,$C9*AI$5) -> 403.17374 | AJ9: =IF($C9*AJ$5>(5%*AJ$5),(5%*AJ$5)*$B9,$C9*AJ$5) -> 401.29226 | AK9: =IF($C9*AK$5>(5%*AK$5),(5%*AK$5)*$B9,$C9*AK$5) -> 399.41957 | AL9: =IF($C9*AL$5>(5%*AL$5),(5%*AL$5)*$B9,$C9*AL$5) -> 397.55561 | AM9: =IF($C9*AM$5>(5%*AM$5),(5%*AM$5)*$B9,$C9*AM$5) -> 395.70035 | AN9: =IF($C9*AN$5>(5%*AN$5),(5%*AN$5)*$B9,$C9*AN$5) -> 393.85375 | AO9: =IF($C9*AO$5>(5%*AO$5),(5%*AO$5)*$B9,$C9*AO$5) -> 392.01576 | ... AS9: =IF($C9*AS$5>(5%*AS$5),(5%*AS$5)*$B9,$C9*AS$5) -> 384.7492 | AW9: =IF($C9*AW$5>(5%*AW$5),(5%*AW$5)*$B9,$C9*AW$5) -> 604.25083 | AX9: =IF($C9*AX$5>(5%*AX$5),(5%*AX$5)*$B9,$C9*AX$5) -> 523.5758 | AY9: =IF($C9*AY$5>(5%*AY$5),(5%*AY$5)*$B9,$C9*AY$5) -> 520.60887 | AZ9: =IF($C9*AZ$5>(5%*AZ$5),(5%*AZ$5)*$B9,$C9*AZ$5) -> 517.65875 | BA9: =IF($C9*BA$5>(5%*BA$5),(5%*BA$5)*$B9,$C9*BA$5) -> 514.72535 | BB9: =IF($C9*BB$5>(5%*BB$5),(5%*BB$5)*$B9,$C9*BB$5) -> 511.80858 | BC9: =IF($C9*BC$5>(5%*BC$5),(5%*BC$5)*$B9,$C9*BC$5) -> 508.90833 | BD9: =IF($C9*BD$5>(5%*BD$5),(5%*BD$5)*$B9,$C9*BD$5) -> 506.02451 | ... BH9: =IF($C9*BH$5>(5%*BH$5),(5%*BH$5)*$B9,$C9*BH$5) -> 494.65175 | BL9: =IF($C9*BL$5>(5%*BL$5),(5%*BL$5)*$B9,$C9*BL$5) -> 755.31354 | BM9: =IF($C9*BM$5>(5%*BM$5),(5%*BM$5)*$B9,$C9*BM$5) -> 637.89477 | BN9: =IF($C9*BN$5>(5%*BN$5),(5%*BN$5)*$B9,$C9*BN$5) -> 633.64214 | BO9: =IF($C9*BO$5>(5%*BO$5),(5%*BO$5)*$B9,$C9*BO$5) -> 629.41786 | BP9: =IF($C9*BP$5>(5%*BP$5),(5%*BP$5)*$B9,$C9*BP$5) -> 625.22174 | BQ9: =IF($C9*BQ$5>(5%*BQ$5),(5%*BQ$5)*$B9,$C9*BQ$5) -> 621.05359 | BR9: =IF($C9*BR$5>(5%*BR$5),(5%*BR$5)*$B9,$C9*BR$5) -> 616.91324 | BS9: =IF($C9*BS$5>(5%*BS$5),(5%*BS$5)*$B9,$C9*BS$5) -> 612.80048 | ... BW9: =IF($C9*BW$5>(5%*BW$5),(5%*BW$5)*$B9,$C9*BW$5) -> 596.62182
A10: 3 | B10: 0.44 | C10: =B10/SUM($B$8:$B$107) -> 0.0077287897 | D10: =IF($C10*D$5>(5%*D$5),(5%*D$5)*$B10,$C10*D$5) -> 180.13847 | E10: =IF($C10*E$5>(5%*E$5),(5%*E$5)*$B10,$C10*E$5) -> 179.61306 | F10: =IF($C10*F$5>(5%*F$5),(5%*F$5)*$B10,$C10*F$5) -> 179.08919 | G10: =IF($C10*G$5>(5%*G$5),(5%*G$5)*$B10,$C10*G$5) -> 178.56685 | H10: =IF($C10*H$5>(5%*H$5),(5%*H$5)*$B10,$C10*H$5) -> 178.04603 | I10: =IF($C10*I$5>(5%*I$5),(5%*I$5)*$B10,$C10*I$5) -> 177.52673 | J10: =IF($C10*J$5>(5%*J$5),(5%*J$5)*$B10,$C10*J$5) -> 177.00894 | K10: =IF($C10*K$5>(5%*K$5),(5%*K$5)*$B10,$C10*K$5) -> 176.49267 | ... O10: =IF($C10*O$5>(5%*O$5),(5%*O$5)*$B10,$C10*O$5) -> 174.44258 | S10: =IF($C10*S$5>(5%*S$5),(5%*S$5)*$B10,$C10*S$5) -> 349.59187 | T10: =IF($C10*T$5>(5%*T$5),(5%*T$5)*$B10,$C10*T$5) -> 348.13523 | U10: =IF($C10*U$5>(5%*U$5),(5%*U$5)*$B10,$C10*U$5) -> 346.68467 | V10: =IF($C10*V$5>(5%*V$5),(5%*V$5)*$B10,$C10*V$5) -> 345.24015 | W10: =IF($C10*W$5>(5%*W$5),(5%*W$5)*$B10,$C10*W$5) -> 343.80165 | X10: =IF($C10*X$5>(5%*X$5),(5%*X$5)*$B10,$C10*X$5) -> 342.36914 | Y10: =IF($C10*Y$5>(5%*Y$5),(5%*Y$5)*$B10,$C10*Y$5) -> 340.9426 | Z10: =IF($C10*Z$5>(5%*Z$5),(5%*Z$5)*$B10,$C10*Z$5) -> 339.52201 | ... AD10: =IF($C10*AD$5>(5%*AD$5),(5%*AD$5)*$B10,$C10*AD$5) -> 333.89858 | AH10: =IF($C10*AH$5>(5%*AH$5),(5%*AH$5)*$B10,$C10*AH$5) -> 414.48413 | AI10: =IF($C10*AI$5>(5%*AI$5),(5%*AI$5)*$B10,$C10*AI$5) -> 412.54987 | AJ10: =IF($C10*AJ$5>(5%*AJ$5),(5%*AJ$5)*$B10,$C10*AJ$5) -> 410.62464 | AK10: =IF($C10*AK$5>(5%*AK$5),(5%*AK$5)*$B10,$C10*AK$5) -> 408.70839 | AL10: =IF($C10*AL$5>(5%*AL$5),(5%*AL$5)*$B10,$C10*AL$5) -> 406.80109 | AM10: =IF($C10*AM$5>(5%*AM$5),(5%*AM$5)*$B10,$C10*AM$5) -> 404.90268 | AN10: =IF($C10*AN$5>(5%*AN$5),(5%*AN$5)*$B10,$C10*AN$5) -> 403.01314 | AO10: =IF($C10*AO$5>(5%*AO$5),(5%*AO$5)*$B10,$C10*AO$5) -> 401.13241 | ... AS10: =IF($C10*AS$5>(5%*AS$5),(5%*AS$5)*$B10,$C10*AS$5) -> 393.69686 | AW10: =IF($C10*AW$5>(5%*AW$5),(5%*AW$5)*$B10,$C10*AW$5) -> 618.30318 | AX10: =IF($C10*AX$5>(5%*AX$5),(5%*AX$5)*$B10,$C10*AX$5) -> 535.75198 | AY10: =IF($C10*AY$5>(5%*AY$5),(5%*AY$5)*$B10,$C10*AY$5) -> 532.71605 | AZ10: =IF($C10*AZ$5>(5%*AZ$5),(5%*AZ$5)*$B10,$C10*AZ$5) -> 529.69733 | BA10: =IF($C10*BA$5>(5%*BA$5),(5%*BA$5)*$B10,$C10*BA$5) -> 526.69571 | BB10: =IF($C10*BB$5>(5%*BB$5),(5%*BB$5)*$B10,$C10*BB$5) -> 523.7111 | BC10: =IF($C10*BC$5>(5%*BC$5),(5%*BC$5)*$B10,$C10*BC$5) -> 520.74341 | BD10: =IF($C10*BD$5>(5%*BD$5),(5%*BD$5)*$B10,$C10*BD$5) -> 517.79253 | ... BH10: =IF($C10*BH$5>(5%*BH$5),(5%*BH$5)*$B10,$C10*BH$5) -> 506.15528 | BL10: =IF($C10*BL$5>(5%*BL$5),(5%*BL$5)*$B10,$C10*BL$5) -> 772.87897 | BM10: =IF($C10*BM$5>(5%*BM$5),(5%*BM$5)*$B10,$C10*BM$5) -> 652.72953 | BN10: =IF($C10*BN$5>(5%*BN$5),(5%*BN$5)*$B10,$C10*BN$5) -> 648.378 | BO10: =IF($C10*BO$5>(5%*BO$5),(5%*BO$5)*$B10,$C10*BO$5) -> 644.05548 | BP10: =IF($C10*BP$5>(5%*BP$5),(5%*BP$5)*$B10,$C10*BP$5) -> 639.76178 | BQ10: =IF($C10*BQ$5>(5%*BQ$5),(5%*BQ$5)*$B10,$C10*BQ$5) -> 635.4967 | BR10: =IF($C10*BR$5>(5%*BR$5),(5%*BR$5)*$B10,$C10*BR$5) -> 631.26006 | BS10: =IF($C10*BS$5>(5%*BS$5),(5%*BS$5)*$B10,$C10*BS$5) -> 627.05166 | ... BW10: =IF($C10*BW$5>(5%*BW$5),(5%*BW$5)*$B10,$C10*BW$5) -> 610.49675
A11: 4 | B11: 1.09 | C11: =B11/SUM($B$8:$B$107) -> 0.01914632 | D11: =IF($C11*D$5>(5%*D$5),(5%*D$5)*$B11,$C11*D$5) -> 446.25212 | E11: =IF($C11*E$5>(5%*E$5),(5%*E$5)*$B11,$C11*E$5) -> 444.95055 | F11: =IF($C11*F$5>(5%*F$5),(5%*F$5)*$B11,$C11*F$5) -> 443.65277 | G11: =IF($C11*G$5>(5%*G$5),(5%*G$5)*$B11,$C11*G$5) -> 442.35879 | H11: =IF($C11*H$5>(5%*H$5),(5%*H$5)*$B11,$C11*H$5) -> 441.06857 | I11: =IF($C11*I$5>(5%*I$5),(5%*I$5)*$B11,$C11*I$5) -> 439.78212 | J11: =IF($C11*J$5>(5%*J$5),(5%*J$5)*$B11,$C11*J$5) -> 438.49943 | K11: =IF($C11*K$5>(5%*K$5),(5%*K$5)*$B11,$C11*K$5) -> 437.22047 | ... O11: =IF($C11*O$5>(5%*O$5),(5%*O$5)*$B11,$C11*O$5) -> 432.14184 | S11: =IF($C11*S$5>(5%*S$5),(5%*S$5)*$B11,$C11*S$5) -> 866.03439 | T11: =IF($C11*T$5>(5%*T$5),(5%*T$5)*$B11,$C11*T$5) -> 862.42592 | U11: =IF($C11*U$5>(5%*U$5),(5%*U$5)*$B11,$C11*U$5) -> 858.83248 | V11: =IF($C11*V$5>(5%*V$5),(5%*V$5)*$B11,$C11*V$5) -> 855.25401 | W11: =IF($C11*W$5>(5%*W$5),(5%*W$5)*$B11,$C11*W$5) -> 851.69045 | X11: =IF($C11*X$5>(5%*X$5),(5%*X$5)*$B11,$C11*X$5) -> 848.14174 | Y11: =IF($C11*Y$5>(5%*Y$5),(5%*Y$5)*$B11,$C11*Y$5) -> 844.60782 | Z11: =IF($C11*Z$5>(5%*Z$5),(5%*Z$5)*$B11,$C11*Z$5) -> 841.08862 | ... AD11: =IF($C11*AD$5>(5%*AD$5),(5%*AD$5)*$B11,$C11*AD$5) -> 827.15784 | AH11: =IF($C11*AH$5>(5%*AH$5),(5%*AH$5)*$B11,$C11*AH$5) -> 1026.7902 | AI11: =IF($C11*AI$5>(5%*AI$5),(5%*AI$5)*$B11,$C11*AI$5) -> 1021.9986 | AJ11: =IF($C11*AJ$5>(5%*AJ$5),(5%*AJ$5)*$B11,$C11*AJ$5) -> 1017.2292 | AK11: =IF($C11*AK$5>(5%*AK$5),(5%*AK$5)*$B11,$C11*AK$5) -> 1012.4822 | AL11: =IF($C11*AL$5>(5%*AL$5),(5%*AL$5)*$B11,$C11*AL$5) -> 1007.7572 | AM11: =IF($C11*AM$5>(5%*AM$5),(5%*AM$5)*$B11,$C11*AM$5) -> 1003.0544 | AN11: =IF($C11*AN$5>(5%*AN$5),(5%*AN$5)*$B11,$C11*AN$5) -> 998.37345 | AO11: =IF($C11*AO$5>(5%*AO$5),(5%*AO$5)*$B11,$C11*AO$5) -> 993.71438 | ... AS11: =IF($C11*AS$5>(5%*AS$5),(5%*AS$5)*$B11,$C11*AS$5) -> 975.29448 | AW11: =IF($C11*AW$5>(5%*AW$5),(5%*AW$5)*$B11,$C11*AW$5) -> 1531.7056 | AX11: =IF($C11*AX$5>(5%*AX$5),(5%*AX$5)*$B11,$C11*AX$5) -> 1327.2038 | AY11: =IF($C11*AY$5>(5%*AY$5),(5%*AY$5)*$B11,$C11*AY$5) -> 1319.6829 | AZ11: =IF($C11*AZ$5>(5%*AZ$5),(5%*AZ$5)*$B11,$C11*AZ$5) -> 1312.2047 | BA11: =IF($C11*BA$5>(5%*BA$5),(5%*BA$5)*$B11,$C11*BA$5) -> 1304.7689 | BB11: =IF($C11*BB$5>(5%*BB$5),(5%*BB$5)*$B11,$C11*BB$5) -> 1297.3752 | BC11: =IF($C11*BC$5>(5%*BC$5),(5%*BC$5)*$B11,$C11*BC$5) -> 1290.0234 | BD11: =IF($C11*BD$5>(5%*BD$5),(5%*BD$5)*$B11,$C11*BD$5) -> 1282.7133 | ... BH11: =IF($C11*BH$5>(5%*BH$5),(5%*BH$5)*$B11,$C11*BH$5) -> 1253.8847 | BL11: =IF($C11*BL$5>(5%*BL$5),(5%*BL$5)*$B11,$C11*BL$5) -> 1914.632 | BM11: =IF($C11*BM$5>(5%*BM$5),(5%*BM$5)*$B11,$C11*BM$5) -> 1616.9891 | BN11: =IF($C11*BN$5>(5%*BN$5),(5%*BN$5)*$B11,$C11*BN$5) -> 1606.2091 | BO11: =IF($C11*BO$5>(5%*BO$5),(5%*BO$5)*$B11,$C11*BO$5) -> 1595.5011 | BP11: =IF($C11*BP$5>(5%*BP$5),(5%*BP$5)*$B11,$C11*BP$5) -> 1584.8644 | BQ11: =IF($C11*BQ$5>(5%*BQ$5),(5%*BQ$5)*$B11,$C11*BQ$5) -> 1574.2986 | BR11: =IF($C11*BR$5>(5%*BR$5),(5%*BR$5)*$B11,$C11*BR$5) -> 1563.8033 | BS11: =IF($C11*BS$5>(5%*BS$5),(5%*BS$5)*$B11,$C11*BS$5) -> 1553.378 | ... BW11: =IF($C11*BW$5>(5%*BW$5),(5%*BW$5)*$B11,$C11*BW$5) -> 1512.367
A12: 5 | B12: 0.2 | C12: =B12/SUM($B$8:$B$107) -> 0.0035130862 | D12: =IF($C12*D$5>(5%*D$5),(5%*D$5)*$B12,$C12*D$5) -> 81.881122 | E12: =IF($C12*E$5>(5%*E$5),(5%*E$5)*$B12,$C12*E$5) -> 81.642302 | F12: =IF($C12*F$5>(5%*F$5),(5%*F$5)*$B12,$C12*F$5) -> 81.404179 | G12: =IF($C12*G$5>(5%*G$5),(5%*G$5)*$B12,$C12*G$5) -> 81.16675 | H12: =IF($C12*H$5>(5%*H$5),(5%*H$5)*$B12,$C12*H$5) -> 80.930014 | I12: =IF($C12*I$5>(5%*I$5),(5%*I$5)*$B12,$C12*I$5) -> 80.693968 | J12: =IF($C12*J$5>(5%*J$5),(5%*J$5)*$B12,$C12*J$5) -> 80.45861 | K12: =IF($C12*K$5>(5%*K$5),(5%*K$5)*$B12,$C12*K$5) -> 80.223939 | ... O12: =IF($C12*O$5>(5%*O$5),(5%*O$5)*$B12,$C12*O$5) -> 79.29208 | S12: =IF($C12*S$5>(5%*S$5),(5%*S$5)*$B12,$C12*S$5) -> 158.90539 | T12: =IF($C12*T$5>(5%*T$5),(5%*T$5)*$B12,$C12*T$5) -> 158.24329 | U12: =IF($C12*U$5>(5%*U$5),(5%*U$5)*$B12,$C12*U$5) -> 157.58394 | V12: =IF($C12*V$5>(5%*V$5),(5%*V$5)*$B12,$C12*V$5) -> 156.92734 | W12: =IF($C12*W$5>(5%*W$5),(5%*W$5)*$B12,$C12*W$5) -> 156.27348 | X12: =IF($C12*X$5>(5%*X$5),(5%*X$5)*$B12,$C12*X$5) -> 155.62234 | Y12: =IF($C12*Y$5>(5%*Y$5),(5%*Y$5)*$B12,$C12*Y$5) -> 154.97391 | Z12: =IF($C12*Z$5>(5%*Z$5),(5%*Z$5)*$B12,$C12*Z$5) -> 154.32819 | ... AD12: =IF($C12*AD$5>(5%*AD$5),(5%*AD$5)*$B12,$C12*AD$5) -> 151.77208 | AH12: =IF($C12*AH$5>(5%*AH$5),(5%*AH$5)*$B12,$C12*AH$5) -> 188.40188 | AI12: =IF($C12*AI$5>(5%*AI$5),(5%*AI$5)*$B12,$C12*AI$5) -> 187.52267 | AJ12: =IF($C12*AJ$5>(5%*AJ$5),(5%*AJ$5)*$B12,$C12*AJ$5) -> 186.64756 | AK12: =IF($C12*AK$5>(5%*AK$5),(5%*AK$5)*$B12,$C12*AK$5) -> 185.77654 | AL12: =IF($C12*AL$5>(5%*AL$5),(5%*AL$5)*$B12,$C12*AL$5) -> 184.90959 | AM12: =IF($C12*AM$5>(5%*AM$5),(5%*AM$5)*$B12,$C12*AM$5) -> 184.04667 | AN12: =IF($C12*AN$5>(5%*AN$5),(5%*AN$5)*$B12,$C12*AN$5) -> 183.18779 | AO12: =IF($C12*AO$5>(5%*AO$5),(5%*AO$5)*$B12,$C12*AO$5) -> 182.33291 | ... AS12: =IF($C12*AS$5>(5%*AS$5),(5%*AS$5)*$B12,$C12*AS$5) -> 178.95312 | AW12: =IF($C12*AW$5>(5%*AW$5),(5%*AW$5)*$B12,$C12*AW$5) -> 281.0469 | AX12: =IF($C12*AX$5>(5%*AX$5),(5%*AX$5)*$B12,$C12*AX$5) -> 243.52363 | AY12: =IF($C12*AY$5>(5%*AY$5),(5%*AY$5)*$B12,$C12*AY$5) -> 242.14366 | AZ12: =IF($C12*AZ$5>(5%*AZ$5),(5%*AZ$5)*$B12,$C12*AZ$5) -> 240.77151 | BA12: =IF($C12*BA$5>(5%*BA$5),(5%*BA$5)*$B12,$C12*BA$5) -> 239.40714 | BB12: =IF($C12*BB$5>(5%*BB$5),(5%*BB$5)*$B12,$C12*BB$5) -> 238.0505 | BC12: =IF($C12*BC$5>(5%*BC$5),(5%*BC$5)*$B12,$C12*BC$5) -> 236.70155 | BD12: =IF($C12*BD$5>(5%*BD$5),(5%*BD$5)*$B12,$C12*BD$5) -> 235.36024 | ... BH12: =IF($C12*BH$5>(5%*BH$5),(5%*BH$5)*$B12,$C12*BH$5) -> 230.07058 | BL12: =IF($C12*BL$5>(5%*BL$5),(5%*BL$5)*$B12,$C12*BL$5) -> 351.30862 | BM12: =IF($C12*BM$5>(5%*BM$5),(5%*BM$5)*$B12,$C12*BM$5) -> 296.69524 | BN12: =IF($C12*BN$5>(5%*BN$5),(5%*BN$5)*$B12,$C12*BN$5) -> 294.71727 | BO12: =IF($C12*BO$5>(5%*BO$5),(5%*BO$5)*$B12,$C12*BO$5) -> 292.75249 | BP12: =IF($C12*BP$5>(5%*BP$5),(5%*BP$5)*$B12,$C12*BP$5) -> 290.80081 | BQ12: =IF($C12*BQ$5>(5%*BQ$5),(5%*BQ$5)*$B12,$C12*BQ$5) -> 288.86214 | BR12: =IF($C12*BR$5>(5%*BR$5),(5%*BR$5)*$B12,$C12*BR$5) -> 286.93639 | BS12: =IF($C12*BS$5>(5%*BS$5),(5%*BS$5)*$B12,$C12*BS$5) -> 285.02348 | ... BW12: =IF($C12*BW$5>(5%*BW$5),(5%*BW$5)*$B12,$C12*BW$5) -> 277.49852
A13: 6 | B13: 0.3 | C13: =B13/SUM($B$8:$B$107) -> 0.0052696294 | D13: =IF($C13*D$5>(5%*D$5),(5%*D$5)*$B13,$C13*D$5) -> 122.82168 | E13: =IF($C13*E$5>(5%*E$5),(5%*E$5)*$B13,$C13*E$5) -> 122.46345 | F13: =IF($C13*F$5>(5%*F$5),(5%*F$5)*$B13,$C13*F$5) -> 122.10627 | G13: =IF($C13*G$5>(5%*G$5),(5%*G$5)*$B13,$C13*G$5) -> 121.75013 | H13: =IF($C13*H$5>(5%*H$5),(5%*H$5)*$B13,$C13*H$5) -> 121.39502 | I13: =IF($C13*I$5>(5%*I$5),(5%*I$5)*$B13,$C13*I$5) -> 121.04095 | J13: =IF($C13*J$5>(5%*J$5),(5%*J$5)*$B13,$C13*J$5) -> 120.68792 | K13: =IF($C13*K$5>(5%*K$5),(5%*K$5)*$B13,$C13*K$5) -> 120.33591 | ... O13: =IF($C13*O$5>(5%*O$5),(5%*O$5)*$B13,$C13*O$5) -> 118.93812 | S13: =IF($C13*S$5>(5%*S$5),(5%*S$5)*$B13,$C13*S$5) -> 238.35809 | T13: =IF($C13*T$5>(5%*T$5),(5%*T$5)*$B13,$C13*T$5) -> 237.36493 | U13: =IF($C13*U$5>(5%*U$5),(5%*U$5)*$B13,$C13*U$5) -> 236.37591 | V13: =IF($C13*V$5>(5%*V$5),(5%*V$5)*$B13,$C13*V$5) -> 235.39101 | W13: =IF($C13*W$5>(5%*W$5),(5%*W$5)*$B13,$C13*W$5) -> 234.41022 | X13: =IF($C13*X$5>(5%*X$5),(5%*X$5)*$B13,$C13*X$5) -> 233.43351 | Y13: =IF($C13*Y$5>(5%*Y$5),(5%*Y$5)*$B13,$C13*Y$5) -> 232.46087 | Z13: =IF($C13*Z$5>(5%*Z$5),(5%*Z$5)*$B13,$C13*Z$5) -> 231.49228 | ... AD13: =IF($C13*AD$5>(5%*AD$5),(5%*AD$5)*$B13,$C13*AD$5) -> 227.65812 | AH13: =IF($C13*AH$5>(5%*AH$5),(5%*AH$5)*$B13,$C13*AH$5) -> 282.60282 | AI13: =IF($C13*AI$5>(5%*AI$5),(5%*AI$5)*$B13,$C13*AI$5) -> 281.28401 | AJ13: =IF($C13*AJ$5>(5%*AJ$5),(5%*AJ$5)*$B13,$C13*AJ$5) -> 279.97135 | AK13: =IF($C13*AK$5>(5%*AK$5),(5%*AK$5)*$B13,$C13*AK$5) -> 278.66481 | AL13: =IF($C13*AL$5>(5%*AL$5),(5%*AL$5)*$B13,$C13*AL$5) -> 277.36438 | AM13: =IF($C13*AM$5>(5%*AM$5),(5%*AM$5)*$B13,$C13*AM$5) -> 276.07001 | AN13: =IF($C13*AN$5>(5%*AN$5),(5%*AN$5)*$B13,$C13*AN$5) -> 274.78168 | AO13: =IF($C13*AO$5>(5%*AO$5),(5%*AO$5)*$B13,$C13*AO$5) -> 273.49937 | ... AS13: =IF($C13*AS$5>(5%*AS$5),(5%*AS$5)*$B13,$C13*AS$5) -> 268.42967 | AW13: =IF($C13*AW$5>(5%*AW$5),(5%*AW$5)*$B13,$C13*AW$5) -> 421.57035 | AX13: =IF($C13*AX$5>(5%*AX$5),(5%*AX$5)*$B13,$C13*AX$5) -> 365.28544 | AY13: =IF($C13*AY$5>(5%*AY$5),(5%*AY$5)*$B13,$C13*AY$5) -> 363.21549 | AZ13: =IF($C13*AZ$5>(5%*AZ$5),(5%*AZ$5)*$B13,$C13*AZ$5) -> 361.15727 | BA13: =IF($C13*BA$5>(5%*BA$5),(5%*BA$5)*$B13,$C13*BA$5) -> 359.11071 | BB13: =IF($C13*BB$5>(5%*BB$5),(5%*BB$5)*$B13,$C13*BB$5) -> 357.07575 | BC13: =IF($C13*BC$5>(5%*BC$5),(5%*BC$5)*$B13,$C13*BC$5) -> 355.05232 | BD13: =IF($C13*BD$5>(5%*BD$5),(5%*BD$5)*$B13,$C13*BD$5) -> 353.04036 | ... BH13: =IF($C13*BH$5>(5%*BH$5),(5%*BH$5)*$B13,$C13*BH$5) -> 345.10587 | BL13: =IF($C13*BL$5>(5%*BL$5),(5%*BL$5)*$B13,$C13*BL$5) -> 526.96294 | BM13: =IF($C13*BM$5>(5%*BM$5),(5%*BM$5)*$B13,$C13*BM$5) -> 445.04286 | BN13: =IF($C13*BN$5>(5%*BN$5),(5%*BN$5)*$B13,$C13*BN$5) -> 442.07591 | BO13: =IF($C13*BO$5>(5%*BO$5),(5%*BO$5)*$B13,$C13*BO$5) -> 439.12874 | BP13: =IF($C13*BP$5>(5%*BP$5),(5%*BP$5)*$B13,$C13*BP$5) -> 436.20121 | BQ13: =IF($C13*BQ$5>(5%*BQ$5),(5%*BQ$5)*$B13,$C13*BQ$5) -> 433.29321 | BR13: =IF($C13*BR$5>(5%*BR$5),(5%*BR$5)*$B13,$C13*BR$5) -> 430.40458 | BS13: =IF($C13*BS$5>(5%*BS$5),(5%*BS$5)*$B13,$C13*BS$5) -> 427.53522 | ... BW13: =IF($C13*BW$5>(5%*BW$5),(5%*BW$5)*$B13,$C13*BW$5) -> 416.24778
A14: 7 | B14: 0.39 | C14: =B14/SUM($B$8:$B$107) -> 0.0068505182 | D14: =IF($C14*D$5>(5%*D$5),(5%*D$5)*$B14,$C14*D$5) -> 159.66819 | E14: =IF($C14*E$5>(5%*E$5),(5%*E$5)*$B14,$C14*E$5) -> 159.20249 | F14: =IF($C14*F$5>(5%*F$5),(5%*F$5)*$B14,$C14*F$5) -> 158.73815 | G14: =IF($C14*G$5>(5%*G$5),(5%*G$5)*$B14,$C14*G$5) -> 158.27516 | H14: =IF($C14*H$5>(5%*H$5),(5%*H$5)*$B14,$C14*H$5) -> 157.81353 | I14: =IF($C14*I$5>(5%*I$5),(5%*I$5)*$B14,$C14*I$5) -> 157.35324 | J14: =IF($C14*J$5>(5%*J$5),(5%*J$5)*$B14,$C14*J$5) -> 156.89429 | K14: =IF($C14*K$5>(5%*K$5),(5%*K$5)*$B14,$C14*K$5) -> 156.43668 | ... O14: =IF($C14*O$5>(5%*O$5),(5%*O$5)*$B14,$C14*O$5) -> 154.61956 | S14: =IF($C14*S$5>(5%*S$5),(5%*S$5)*$B14,$C14*S$5) -> 309.86552 | T14: =IF($C14*T$5>(5%*T$5),(5%*T$5)*$B14,$C14*T$5) -> 308.57441 | U14: =IF($C14*U$5>(5%*U$5),(5%*U$5)*$B14,$C14*U$5) -> 307.28868 | V14: =IF($C14*V$5>(5%*V$5),(5%*V$5)*$B14,$C14*V$5) -> 306.00831 | W14: =IF($C14*W$5>(5%*W$5),(5%*W$5)*$B14,$C14*W$5) -> 304.73328 | X14: =IF($C14*X$5>(5%*X$5),(5%*X$5)*$B14,$C14*X$5) -> 303.46356 | Y14: =IF($C14*Y$5>(5%*Y$5),(5%*Y$5)*$B14,$C14*Y$5) -> 302.19913 | Z14: =IF($C14*Z$5>(5%*Z$5),(5%*Z$5)*$B14,$C14*Z$5) -> 300.93996 | ... AD14: =IF($C14*AD$5>(5%*AD$5),(5%*AD$5)*$B14,$C14*AD$5) -> 295.95556 | AH14: =IF($C14*AH$5>(5%*AH$5),(5%*AH$5)*$B14,$C14*AH$5) -> 367.38366 | AI14: =IF($C14*AI$5>(5%*AI$5),(5%*AI$5)*$B14,$C14*AI$5) -> 365.66921 | AJ14: =IF($C14*AJ$5>(5%*AJ$5),(5%*AJ$5)*$B14,$C14*AJ$5) -> 363.96275 | AK14: =IF($C14*AK$5>(5%*AK$5),(5%*AK$5)*$B14,$C14*AK$5) -> 362.26426 | AL14: =IF($C14*AL$5>(5%*AL$5),(5%*AL$5)*$B14,$C14*AL$5) -> 360.57369 | AM14: =IF($C14*AM$5>(5%*AM$5),(5%*AM$5)*$B14,$C14*AM$5) -> 358.89101 | AN14: =IF($C14*AN$5>(5%*AN$5),(5%*AN$5)*$B14,$C14*AN$5) -> 357.21619 | AO14: =IF($C14*AO$5>(5%*AO$5),(5%*AO$5)*$B14,$C14*AO$5) -> 355.54918 | ... AS14: =IF($C14*AS$5>(5%*AS$5),(5%*AS$5)*$B14,$C14*AS$5) -> 348.95858 | AW14: =IF($C14*AW$5>(5%*AW$5),(5%*AW$5)*$B14,$C14*AW$5) -> 548.04145 | AX14: =IF($C14*AX$5>(5%*AX$5),(5%*AX$5)*$B14,$C14*AX$5) -> 474.87107 | AY14: =IF($C14*AY$5>(5%*AY$5),(5%*AY$5)*$B14,$C14*AY$5) -> 472.18014 | AZ14: =IF($C14*AZ$5>(5%*AZ$5),(5%*AZ$5)*$B14,$C14*AZ$5) -> 469.50445 | BA14: =IF($C14*BA$5>(5%*BA$5),(5%*BA$5)*$B14,$C14*BA$5) -> 466.84393 | BB14: =IF($C14*BB$5>(5%*BB$5),(5%*BB$5)*$B14,$C14*BB$5) -> 464.19848 | BC14: =IF($C14*BC$5>(5%*BC$5),(5%*BC$5)*$B14,$C14*BC$5) -> 461.56802 | BD14: =IF($C14*BD$5>(5%*BD$5),(5%*BD$5)*$B14,$C14*BD$5) -> 458.95247 | ... BH14: =IF($C14*BH$5>(5%*BH$5),(5%*BH$5)*$B14,$C14*BH$5) -> 448.63763 | BL14: =IF($C14*BL$5>(5%*BL$5),(5%*BL$5)*$B14,$C14*BL$5) -> 685.05182 | BM14: =IF($C14*BM$5>(5%*BM$5),(5%*BM$5)*$B14,$C14*BM$5) -> 578.55572 | BN14: =IF($C14*BN$5>(5%*BN$5),(5%*BN$5)*$B14,$C14*BN$5) -> 574.69869 | BO14: =IF($C14*BO$5>(5%*BO$5),(5%*BO$5)*$B14,$C14*BO$5) -> 570.86736 | BP14: =IF($C14*BP$5>(5%*BP$5),(5%*BP$5)*$B14,$C14*BP$5) -> 567.06158 | BQ14: =IF($C14*BQ$5>(5%*BQ$5),(5%*BQ$5)*$B14,$C14*BQ$5) -> 563.28117 | BR14: =IF($C14*BR$5>(5%*BR$5),(5%*BR$5)*$B14,$C14*BR$5) -> 559.52596 | BS14: =IF($C14*BS$5>(5%*BS$5),(5%*BS$5)*$B14,$C14*BS$5) -> 555.79579 | ... BW14: =IF($C14*BW$5>(5%*BW$5),(5%*BW$5)*$B14,$C14*BW$5) -> 541.12212
A15: 8 | B15: 0.53 | C15: =B15/SUM($B$8:$B$107) -> 0.0093096786 | D15: =IF($C15*D$5>(5%*D$5),(5%*D$5)*$B15,$C15*D$5) -> 216.98497 | E15: =IF($C15*E$5>(5%*E$5),(5%*E$5)*$B15,$C15*E$5) -> 216.3521 | F15: =IF($C15*F$5>(5%*F$5),(5%*F$5)*$B15,$C15*F$5) -> 215.72107 | G15: =IF($C15*G$5>(5%*G$5),(5%*G$5)*$B15,$C15*G$5) -> 215.09189 | H15: =IF($C15*H$5>(5%*H$5),(5%*H$5)*$B15,$C15*H$5) -> 214.46454 | I15: =IF($C15*I$5>(5%*I$5),(5%*I$5)*$B15,$C15*I$5) -> 213.83901 | J15: =IF($C15*J$5>(5%*J$5),(5%*J$5)*$B15,$C15*J$5) -> 213.21532 | K15: =IF($C15*K$5>(5%*K$5),(5%*K$5)*$B15,$C15*K$5) -> 212.59344 | ... O15: =IF($C15*O$5>(5%*O$5),(5%*O$5)*$B15,$C15*O$5) -> 210.12401 | S15: =IF($C15*S$5>(5%*S$5),(5%*S$5)*$B15,$C15*S$5) -> 421.09929 | T15: =IF($C15*T$5>(5%*T$5),(5%*T$5)*$B15,$C15*T$5) -> 419.34471 | U15: =IF($C15*U$5>(5%*U$5),(5%*U$5)*$B15,$C15*U$5) -> 417.59744 | V15: =IF($C15*V$5>(5%*V$5),(5%*V$5)*$B15,$C15*V$5) -> 415.85745 | W15: =IF($C15*W$5>(5%*W$5),(5%*W$5)*$B15,$C15*W$5) -> 414.12471 | X15: =IF($C15*X$5>(5%*X$5),(5%*X$5)*$B15,$C15*X$5) -> 412.39919 | Y15: =IF($C15*Y$5>(5%*Y$5),(5%*Y$5)*$B15,$C15*Y$5) -> 410.68086 | Z15: =IF($C15*Z$5>(5%*Z$5),(5%*Z$5)*$B15,$C15*Z$5) -> 408.96969 | ... AD15: =IF($C15*AD$5>(5%*AD$5),(5%*AD$5)*$B15,$C15*AD$5) -> 402.19602 | AH15: =IF($C15*AH$5>(5%*AH$5),(5%*AH$5)*$B15,$C15*AH$5) -> 499.26498 | AI15: =IF($C15*AI$5>(5%*AI$5),(5%*AI$5)*$B15,$C15*AI$5) -> 496.93508 | AJ15: =IF($C15*AJ$5>(5%*AJ$5),(5%*AJ$5)*$B15,$C15*AJ$5) -> 494.61605 | AK15: =IF($C15*AK$5>(5%*AK$5),(5%*AK$5)*$B15,$C15*AK$5) -> 492.30784 | AL15: =IF($C15*AL$5>(5%*AL$5),(5%*AL$5)*$B15,$C15*AL$5) -> 490.0104 | AM15: =IF($C15*AM$5>(5%*AM$5),(5%*AM$5)*$B15,$C15*AM$5) -> 487.72369 | AN15: =IF($C15*AN$5>(5%*AN$5),(5%*AN$5)*$B15,$C15*AN$5) -> 485.44764 | AO15: =IF($C15*AO$5>(5%*AO$5),(5%*AO$5)*$B15,$C15*AO$5) -> 483.18222 | ... AS15: =IF($C15*AS$5>(5%*AS$5),(5%*AS$5)*$B15,$C15*AS$5) -> 474.22576 | AW15: =IF($C15*AW$5>(5%*AW$5),(5%*AW$5)*$B15,$C15*AW$5) -> 744.77428 | AX15: =IF($C15*AX$5>(5%*AX$5),(5%*AX$5)*$B15,$C15*AX$5) -> 645.33761 | AY15: =IF($C15*AY$5>(5%*AY$5),(5%*AY$5)*$B15,$C15*AY$5) -> 641.6807 | AZ15: =IF($C15*AZ$5>(5%*AZ$5),(5%*AZ$5)*$B15,$C15*AZ$5) -> 638.04451 | BA15: =IF($C15*BA$5>(5%*BA$5),(5%*BA$5)*$B15,$C15*BA$5) -> 634.42892 | BB15: =IF($C15*BB$5>(5%*BB$5),(5%*BB$5)*$B15,$C15*BB$5) -> 630.83383 | BC15: =IF($C15*BC$5>(5%*BC$5),(5%*BC$5)*$B15,$C15*BC$5) -> 627.2591 | BD15: =IF($C15*BD$5>(5%*BD$5),(5%*BD$5)*$B15,$C15*BD$5) -> 623.70463 | ... BH15: =IF($C15*BH$5>(5%*BH$5),(5%*BH$5)*$B15,$C15*BH$5) -> 609.68704 | BL15: =IF($C15*BL$5>(5%*BL$5),(5%*BL$5)*$B15,$C15*BL$5) -> 930.96786 | BM15: =IF($C15*BM$5>(5%*BM$5),(5%*BM$5)*$B15,$C15*BM$5) -> 786.24239 | BN15: =IF($C15*BN$5>(5%*BN$5),(5%*BN$5)*$B15,$C15*BN$5) -> 781.00078 | BO15: =IF($C15*BO$5>(5%*BO$5),(5%*BO$5)*$B15,$C15*BO$5) -> 775.79411 | BP15: =IF($C15*BP$5>(5%*BP$5),(5%*BP$5)*$B15,$C15*BP$5) -> 770.62214 | BQ15: =IF($C15*BQ$5>(5%*BQ$5),(5%*BQ$5)*$B15,$C15*BQ$5) -> 765.48466 | BR15: =IF($C15*BR$5>(5%*BR$5),(5%*BR$5)*$B15,$C15*BR$5) -> 760.38143 | BS15: =IF($C15*BS$5>(5%*BS$5),(5%*BS$5)*$B15,$C15*BS$5) -> 755.31222 | ... BW15: =IF($C15*BW$5>(5%*BW$5),(5%*BW$5)*$B15,$C15*BW$5) -> 735.37109
A16: 9 | B16: 1 | C16: =B16/SUM($B$8:$B$107) -> 0.017565431 | D16: =IF($C16*D$5>(5%*D$5),(5%*D$5)*$B16,$C16*D$5) -> 409.40561 | E16: =IF($C16*E$5>(5%*E$5),(5%*E$5)*$B16,$C16*E$5) -> 408.21151 | F16: =IF($C16*F$5>(5%*F$5),(5%*F$5)*$B16,$C16*F$5) -> 407.02089 | G16: =IF($C16*G$5>(5%*G$5),(5%*G$5)*$B16,$C16*G$5) -> 405.83375 | H16: =IF($C16*H$5>(5%*H$5),(5%*H$5)*$B16,$C16*H$5) -> 404.65007 | I16: =IF($C16*I$5>(5%*I$5),(5%*I$5)*$B16,$C16*I$5) -> 403.46984 | J16: =IF($C16*J$5>(5%*J$5),(5%*J$5)*$B16,$C16*J$5) -> 402.29305 | K16: =IF($C16*K$5>(5%*K$5),(5%*K$5)*$B16,$C16*K$5) -> 401.1197 | ... O16: =IF($C16*O$5>(5%*O$5),(5%*O$5)*$B16,$C16*O$5) -> 396.4604 | S16: =IF($C16*S$5>(5%*S$5),(5%*S$5)*$B16,$C16*S$5) -> 794.52697 | T16: =IF($C16*T$5>(5%*T$5),(5%*T$5)*$B16,$C16*T$5) -> 791.21644 | U16: =IF($C16*U$5>(5%*U$5),(5%*U$5)*$B16,$C16*U$5) -> 787.9197 | V16: =IF($C16*V$5>(5%*V$5),(5%*V$5)*$B16,$C16*V$5) -> 784.6367 | W16: =IF($C16*W$5>(5%*W$5),(5%*W$5)*$B16,$C16*W$5) -> 781.36738 | X16: =IF($C16*X$5>(5%*X$5),(5%*X$5)*$B16,$C16*X$5) -> 778.11169 | Y16: =IF($C16*Y$5>(5%*Y$5),(5%*Y$5)*$B16,$C16*Y$5) -> 774.86956 | Z16: =IF($C16*Z$5>(5%*Z$5),(5%*Z$5)*$B16,$C16*Z$5) -> 771.64093 | ... AD16: =IF($C16*AD$5>(5%*AD$5),(5%*AD$5)*$B16,$C16*AD$5) -> 758.86041 | AH16: =IF($C16*AH$5>(5%*AH$5),(5%*AH$5)*$B16,$C16*AH$5) -> 942.0094 | AI16: =IF($C16*AI$5>(5%*AI$5),(5%*AI$5)*$B16,$C16*AI$5) -> 937.61335 | AJ16: =IF($C16*AJ$5>(5%*AJ$5),(5%*AJ$5)*$B16,$C16*AJ$5) -> 933.23782 | AK16: =IF($C16*AK$5>(5%*AK$5),(5%*AK$5)*$B16,$C16*AK$5) -> 928.88271 | AL16: =IF($C16*AL$5>(5%*AL$5),(5%*AL$5)*$B16,$C16*AL$5) -> 924.54793 | AM16: =IF($C16*AM$5>(5%*AM$5),(5%*AM$5)*$B16,$C16*AM$5) -> 920.23337 | AN16: =IF($C16*AN$5>(5%*AN$5),(5%*AN$5)*$B16,$C16*AN$5) -> 915.93895 | AO16: =IF($C16*AO$5>(5%*AO$5),(5%*AO$5)*$B16,$C16*AO$5) -> 911.66457 | ... AS16: =IF($C16*AS$5>(5%*AS$5),(5%*AS$5)*$B16,$C16*AS$5) -> 894.76558 | AW16: =IF($C16*AW$5>(5%*AW$5),(5%*AW$5)*$B16,$C16*AW$5) -> 1405.2345 | AX16: =IF($C16*AX$5>(5%*AX$5),(5%*AX$5)*$B16,$C16*AX$5) -> 1217.6181 | AY16: =IF($C16*AY$5>(5%*AY$5),(5%*AY$5)*$B16,$C16*AY$5) -> 1210.7183 | AZ16: =IF($C16*AZ$5>(5%*AZ$5),(5%*AZ$5)*$B16,$C16*AZ$5) -> 1203.8576 | BA16: =IF($C16*BA$5>(5%*BA$5),(5%*BA$5)*$B16,$C16*BA$5) -> 1197.0357 | BB16: =IF($C16*BB$5>(5%*BB$5),(5%*BB$5)*$B16,$C16*BB$5) -> 1190.2525 | BC16: =IF($C16*BC$5>(5%*BC$5),(5%*BC$5)*$B16,$C16*BC$5) -> 1183.5077 | BD16: =IF($C16*BD$5>(5%*BD$5),(5%*BD$5)*$B16,$C16*BD$5) -> 1176.8012 | ... BH16: =IF($C16*BH$5>(5%*BH$5),(5%*BH$5)*$B16,$C16*BH$5) -> 1150.3529 | BL16: =IF($C16*BL$5>(5%*BL$5),(5%*BL$5)*$B16,$C16*BL$5) -> 1756.5431 | BM16: =IF($C16*BM$5>(5%*BM$5),(5%*BM$5)*$B16,$C16*BM$5) -> 1483.4762 | BN16: =IF($C16*BN$5>(5%*BN$5),(5%*BN$5)*$B16,$C16*BN$5) -> 1473.5864 | BO16: =IF($C16*BO$5>(5%*BO$5),(5%*BO$5)*$B16,$C16*BO$5) -> 1463.7625 | BP16: =IF($C16*BP$5>(5%*BP$5),(5%*BP$5)*$B16,$C16*BP$5) -> 1454.004 | BQ16: =IF($C16*BQ$5>(5%*BQ$5),(5%*BQ$5)*$B16,$C16*BQ$5) -> 1444.3107 | BR16: =IF($C16*BR$5>(5%*BR$5),(5%*BR$5)*$B16,$C16*BR$5) -> 1434.6819 | BS16: =IF($C16*BS$5>(5%*BS$5),(5%*BS$5)*$B16,$C16*BS$5) -> 1425.1174 | ... BW16: =IF($C16*BW$5>(5%*BW$5),(5%*BW$5)*$B16,$C16*BW$5) -> 1387.4926
A17: 10 | B17: 0.32 | C17: =B17/SUM($B$8:$B$107) -> 0.005620938 | D17: =IF($C17*D$5>(5%*D$5),(5%*D$5)*$B17,$C17*D$5) -> 131.0098 | E17: =IF($C17*E$5>(5%*E$5),(5%*E$5)*$B17,$C17*E$5) -> 130.62768 | F17: =IF($C17*F$5>(5%*F$5),(5%*F$5)*$B17,$C17*F$5) -> 130.24669 | G17: =IF($C17*G$5>(5%*G$5),(5%*G$5)*$B17,$C17*G$5) -> 129.8668 | H17: =IF($C17*H$5>(5%*H$5),(5%*H$5)*$B17,$C17*H$5) -> 129.48802 | I17: =IF($C17*I$5>(5%*I$5),(5%*I$5)*$B17,$C17*I$5) -> 129.11035 | J17: =IF($C17*J$5>(5%*J$5),(5%*J$5)*$B17,$C17*J$5) -> 128.73378 | K17: =IF($C17*K$5>(5%*K$5),(5%*K$5)*$B17,$C17*K$5) -> 128.3583 | ... O17: =IF($C17*O$5>(5%*O$5),(5%*O$5)*$B17,$C17*O$5) -> 126.86733 | S17: =IF($C17*S$5>(5%*S$5),(5%*S$5)*$B17,$C17*S$5) -> 254.24863 | T17: =IF($C17*T$5>(5%*T$5),(5%*T$5)*$B17,$C17*T$5) -> 253.18926 | U17: =IF($C17*U$5>(5%*U$5),(5%*U$5)*$B17,$C17*U$5) -> 252.1343 | V17: =IF($C17*V$5>(5%*V$5),(5%*V$5)*$B17,$C17*V$5) -> 251.08375 | W17: =IF($C17*W$5>(5%*W$5),(5%*W$5)*$B17,$C17*W$5) -> 250.03756 | X17: =IF($C17*X$5>(5%*X$5),(5%*X$5)*$B17,$C17*X$5) -> 248.99574 | Y17: =IF($C17*Y$5>(5%*Y$5),(5%*Y$5)*$B17,$C17*Y$5) -> 247.95826 | Z17: =IF($C17*Z$5>(5%*Z$5),(5%*Z$5)*$B17,$C17*Z$5) -> 246.9251 | ... AD17: =IF($C17*AD$5>(5%*AD$5),(5%*AD$5)*$B17,$C17*AD$5) -> 242.83533 | AH17: =IF($C17*AH$5>(5%*AH$5),(5%*AH$5)*$B17,$C17*AH$5) -> 301.44301 | AI17: =IF($C17*AI$5>(5%*AI$5),(5%*AI$5)*$B17,$C17*AI$5) -> 300.03627 | AJ17: =IF($C17*AJ$5>(5%*AJ$5),(5%*AJ$5)*$B17,$C17*AJ$5) -> 298.6361 | AK17: =IF($C17*AK$5>(5%*AK$5),(5%*AK$5)*$B17,$C17*AK$5) -> 297.24247 | AL17: =IF($C17*AL$5>(5%*AL$5),(5%*AL$5)*$B17,$C17*AL$5) -> 295.85534 | AM17: =IF($C17*AM$5>(5%*AM$5),(5%*AM$5)*$B17,$C17*AM$5) -> 294.47468 | AN17: =IF($C17*AN$5>(5%*AN$5),(5%*AN$5)*$B17,$C17*AN$5) -> 293.10046 | AO17: =IF($C17*AO$5>(5%*AO$5),(5%*AO$5)*$B17,$C17*AO$5) -> 291.73266 | ... AS17: =IF($C17*AS$5>(5%*AS$5),(5%*AS$5)*$B17,$C17*AS$5) -> 286.32499 | AW17: =IF($C17*AW$5>(5%*AW$5),(5%*AW$5)*$B17,$C17*AW$5) -> 449.67504 | AX17: =IF($C17*AX$5>(5%*AX$5),(5%*AX$5)*$B17,$C17*AX$5) -> 389.6378 | AY17: =IF($C17*AY$5>(5%*AY$5),(5%*AY$5)*$B17,$C17*AY$5) -> 387.42986 | AZ17: =IF($C17*AZ$5>(5%*AZ$5),(5%*AZ$5)*$B17,$C17*AZ$5) -> 385.23442 | BA17: =IF($C17*BA$5>(5%*BA$5),(5%*BA$5)*$B17,$C17*BA$5) -> 383.05143 | BB17: =IF($C17*BB$5>(5%*BB$5),(5%*BB$5)*$B17,$C17*BB$5) -> 380.8808 | BC17: =IF($C17*BC$5>(5%*BC$5),(5%*BC$5)*$B17,$C17*BC$5) -> 378.72248 | BD17: =IF($C17*BD$5>(5%*BD$5),(5%*BD$5)*$B17,$C17*BD$5) -> 376.57638 | ... BH17: =IF($C17*BH$5>(5%*BH$5),(5%*BH$5)*$B17,$C17*BH$5) -> 368.11293 | BL17: =IF($C17*BL$5>(5%*BL$5),(5%*BL$5)*$B17,$C17*BL$5) -> 562.0938 | BM17: =IF($C17*BM$5>(5%*BM$5),(5%*BM$5)*$B17,$C17*BM$5) -> 474.71239 | BN17: =IF($C17*BN$5>(5%*BN$5),(5%*BN$5)*$B17,$C17*BN$5) -> 471.54764 | BO17: =IF($C17*BO$5>(5%*BO$5),(5%*BO$5)*$B17,$C17*BO$5) -> 468.40399 | BP17: =IF($C17*BP$5>(5%*BP$5),(5%*BP$5)*$B17,$C17*BP$5) -> 465.28129 | BQ17: =IF($C17*BQ$5>(5%*BQ$5),(5%*BQ$5)*$B17,$C17*BQ$5) -> 462.17942 | BR17: =IF($C17*BR$5>(5%*BR$5),(5%*BR$5)*$B17,$C17*BR$5) -> 459.09822 | BS17: =IF($C17*BS$5>(5%*BS$5),(5%*BS$5)*$B17,$C17*BS$5) -> 456.03757 | ... BW17: =IF($C17*BW$5>(5%*BW$5),(5%*BW$5)*$B17,$C17*BW$5) -> 443.99764
A18: 11 | B18: 0.88 | C18: =B18/SUM($B$8:$B$107) -> 0.015457579 | D18: =IF($C18*D$5>(5%*D$5),(5%*D$5)*$B18,$C18*D$5) -> 360.27694 | E18: =IF($C18*E$5>(5%*E$5),(5%*E$5)*$B18,$C18*E$5) -> 359.22613 | F18: =IF($C18*F$5>(5%*F$5),(5%*F$5)*$B18,$C18*F$5) -> 358.17839 | G18: =IF($C18*G$5>(5%*G$5),(5%*G$5)*$B18,$C18*G$5) -> 357.1337 | H18: =IF($C18*H$5>(5%*H$5),(5%*H$5)*$B18,$C18*H$5) -> 356.09206 | I18: =IF($C18*I$5>(5%*I$5),(5%*I$5)*$B18,$C18*I$5) -> 355.05346 | J18: =IF($C18*J$5>(5%*J$5),(5%*J$5)*$B18,$C18*J$5) -> 354.01789 | K18: =IF($C18*K$5>(5%*K$5),(5%*K$5)*$B18,$C18*K$5) -> 352.98533 | ... O18: =IF($C18*O$5>(5%*O$5),(5%*O$5)*$B18,$C18*O$5) -> 348.88515 | S18: =IF($C18*S$5>(5%*S$5),(5%*S$5)*$B18,$C18*S$5) -> 699.18373 | T18: =IF($C18*T$5>(5%*T$5),(5%*T$5)*$B18,$C18*T$5) -> 696.27047 | U18: =IF($C18*U$5>(5%*U$5),(5%*U$5)*$B18,$C18*U$5) -> 693.36934 | V18: =IF($C18*V$5>(5%*V$5),(5%*V$5)*$B18,$C18*V$5) -> 690.4803 | W18: =IF($C18*W$5>(5%*W$5),(5%*W$5)*$B18,$C18*W$5) -> 687.6033 | X18: =IF($C18*X$5>(5%*X$5),(5%*X$5)*$B18,$C18*X$5) -> 684.73828 | Y18: =IF($C18*Y$5>(5%*Y$5),(5%*Y$5)*$B18,$C18*Y$5) -> 681.88521 | Z18: =IF($C18*Z$5>(5%*Z$5),(5%*Z$5)*$B18,$C18*Z$5) -> 679.04402 | ... AD18: =IF($C18*AD$5>(5%*AD$5),(5%*AD$5)*$B18,$C18*AD$5) -> 667.79716 | AH18: =IF($C18*AH$5>(5%*AH$5),(5%*AH$5)*$B18,$C18*AH$5) -> 828.96827 | AI18: =IF($C18*AI$5>(5%*AI$5),(5%*AI$5)*$B18,$C18*AI$5) -> 825.09975 | AJ18: =IF($C18*AJ$5>(5%*AJ$5),(5%*AJ$5)*$B18,$C18*AJ$5) -> 821.24928 | AK18: =IF($C18*AK$5>(5%*AK$5),(5%*AK$5)*$B18,$C18*AK$5) -> 817.41679 | AL18: =IF($C18*AL$5>(5%*AL$5),(5%*AL$5)*$B18,$C18*AL$5) -> 813.60218 | AM18: =IF($C18*AM$5>(5%*AM$5),(5%*AM$5)*$B18,$C18*AM$5) -> 809.80537 | AN18: =IF($C18*AN$5>(5%*AN$5),(5%*AN$5)*$B18,$C18*AN$5) -> 806.02627 | AO18: =IF($C18*AO$5>(5%*AO$5),(5%*AO$5)*$B18,$C18*AO$5) -> 802.26482 | ... AS18: =IF($C18*AS$5>(5%*AS$5),(5%*AS$5)*$B18,$C18*AS$5) -> 787.39371 | AW18: =IF($C18*AW$5>(5%*AW$5),(5%*AW$5)*$B18,$C18*AW$5) -> 1236.6064 | AX18: =IF($C18*AX$5>(5%*AX$5),(5%*AX$5)*$B18,$C18*AX$5) -> 1071.504 | AY18: =IF($C18*AY$5>(5%*AY$5),(5%*AY$5)*$B18,$C18*AY$5) -> 1065.4321 | AZ18: =IF($C18*AZ$5>(5%*AZ$5),(5%*AZ$5)*$B18,$C18*AZ$5) -> 1059.3947 | BA18: =IF($C18*BA$5>(5%*BA$5),(5%*BA$5)*$B18,$C18*BA$5) -> 1053.3914 | BB18: =IF($C18*BB$5>(5%*BB$5),(5%*BB$5)*$B18,$C18*BB$5) -> 1047.4222 | BC18: =IF($C18*BC$5>(5%*BC$5),(5%*BC$5)*$B18,$C18*BC$5) -> 1041.4868 | BD18: =IF($C18*BD$5>(5%*BD$5),(5%*BD$5)*$B18,$C18*BD$5) -> 1035.5851 | ... BH18: =IF($C18*BH$5>(5%*BH$5),(5%*BH$5)*$B18,$C18*BH$5) -> 1012.3106 | BL18: =IF($C18*BL$5>(5%*BL$5),(5%*BL$5)*$B18,$C18*BL$5) -> 1545.7579 | BM18: =IF($C18*BM$5>(5%*BM$5),(5%*BM$5)*$B18,$C18*BM$5) -> 1305.4591 | BN18: =IF($C18*BN$5>(5%*BN$5),(5%*BN$5)*$B18,$C18*BN$5) -> 1296.756 | BO18: =IF($C18*BO$5>(5%*BO$5),(5%*BO$5)*$B18,$C18*BO$5) -> 1288.111 | BP18: =IF($C18*BP$5>(5%*BP$5),(5%*BP$5)*$B18,$C18*BP$5) -> 1279.5236 | BQ18: =IF($C18*BQ$5>(5%*BQ$5),(5%*BQ$5)*$B18,$C18*BQ$5) -> 1270.9934 | BR18: =IF($C18*BR$5>(5%*BR$5),(5%*BR$5)*$B18,$C18*BR$5) -> 1262.5201 | BS18: =IF($C18*BS$5>(5%*BS$5),(5%*BS$5)*$B18,$C18*BS$5) -> 1254.1033 | ... BW18: =IF($C18*BW$5>(5%*BW$5),(5%*BW$5)*$B18,$C18*BW$5) -> 1220.9935
A19: 12 | B19: 0.1 | C19: =B19/SUM($B$8:$B$107) -> 0.0017565431 | D19: =IF($C19*D$5>(5%*D$5),(5%*D$5)*$B19,$C19*D$5) -> 40.940561 | E19: =IF($C19*E$5>(5%*E$5),(5%*E$5)*$B19,$C19*E$5) -> 40.821151 | F19: =IF($C19*F$5>(5%*F$5),(5%*F$5)*$B19,$C19*F$5) -> 40.702089 | G19: =IF($C19*G$5>(5%*G$5),(5%*G$5)*$B19,$C19*G$5) -> 40.583375 | H19: =IF($C19*H$5>(5%*H$5),(5%*H$5)*$B19,$C19*H$5) -> 40.465007 | I19: =IF($C19*I$5>(5%*I$5),(5%*I$5)*$B19,$C19*I$5) -> 40.346984 | J19: =IF($C19*J$5>(5%*J$5),(5%*J$5)*$B19,$C19*J$5) -> 40.229305 | K19: =IF($C19*K$5>(5%*K$5),(5%*K$5)*$B19,$C19*K$5) -> 40.11197 | ... O19: =IF($C19*O$5>(5%*O$5),(5%*O$5)*$B19,$C19*O$5) -> 39.64604 | S19: =IF($C19*S$5>(5%*S$5),(5%*S$5)*$B19,$C19*S$5) -> 79.452697 | T19: =IF($C19*T$5>(5%*T$5),(5%*T$5)*$B19,$C19*T$5) -> 79.121644 | U19: =IF($C19*U$5>(5%*U$5),(5%*U$5)*$B19,$C19*U$5) -> 78.79197 | V19: =IF($C19*V$5>(5%*V$5),(5%*V$5)*$B19,$C19*V$5) -> 78.46367 | W19: =IF($C19*W$5>(5%*W$5),(5%*W$5)*$B19,$C19*W$5) -> 78.136738 | X19: =IF($C19*X$5>(5%*X$5),(5%*X$5)*$B19,$C19*X$5) -> 77.811169 | Y19: =IF($C19*Y$5>(5%*Y$5),(5%*Y$5)*$B19,$C19*Y$5) -> 77.486956 | Z19: =IF($C19*Z$5>(5%*Z$5),(5%*Z$5)*$B19,$C19*Z$5) -> 77.164093 | ... AD19: =IF($C19*AD$5>(5%*AD$5),(5%*AD$5)*$B19,$C19*AD$5) -> 75.886041 | AH19: =IF($C19*AH$5>(5%*AH$5),(5%*AH$5)*$B19,$C19*AH$5) -> 94.20094 | AI19: =IF($C19*AI$5>(5%*AI$5),(5%*AI$5)*$B19,$C19*AI$5) -> 93.761335 | AJ19: =IF($C19*AJ$5>(5%*AJ$5),(5%*AJ$5)*$B19,$C19*AJ$5) -> 93.323782 | AK19: =IF($C19*AK$5>(5%*AK$5),(5%*AK$5)*$B19,$C19*AK$5) -> 92.888271 | AL19: =IF($C19*AL$5>(5%*AL$5),(5%*AL$5)*$B19,$C19*AL$5) -> 92.454793 | AM19: =IF($C19*AM$5>(5%*AM$5),(5%*AM$5)*$B19,$C19*AM$5) -> 92.023337 | AN19: =IF($C19*AN$5>(5%*AN$5),(5%*AN$5)*$B19,$C19*AN$5) -> 91.593895 | AO19: =IF($C19*AO$5>(5%*AO$5),(5%*AO$5)*$B19,$C19*AO$5) -> 91.166457 | ... AS19: =IF($C19*AS$5>(5%*AS$5),(5%*AS$5)*$B19,$C19*AS$5) -> 89.476558 | AW19: =IF($C19*AW$5>(5%*AW$5),(5%*AW$5)*$B19,$C19*AW$5) -> 140.52345 | AX19: =IF($C19*AX$5>(5%*AX$5),(5%*AX$5)*$B19,$C19*AX$5) -> 121.76181 | AY19: =IF($C19*AY$5>(5%*AY$5),(5%*AY$5)*$B19,$C19*AY$5) -> 121.07183 | AZ19: =IF($C19*AZ$5>(5%*AZ$5),(5%*AZ$5)*$B19,$C19*AZ$5) -> 120.38576 | BA19: =IF($C19*BA$5>(5%*BA$5),(5%*BA$5)*$B19,$C19*BA$5) -> 119.70357 | BB19: =IF($C19*BB$5>(5%*BB$5),(5%*BB$5)*$B19,$C19*BB$5) -> 119.02525 | BC19: =IF($C19*BC$5>(5%*BC$5),(5%*BC$5)*$B19,$C19*BC$5) -> 118.35077 | BD19: =IF($C19*BD$5>(5%*BD$5),(5%*BD$5)*$B19,$C19*BD$5) -> 117.68012 | ... BH19: =IF($C19*BH$5>(5%*BH$5),(5%*BH$5)*$B19,$C19*BH$5) -> 115.03529 | BL19: =IF($C19*BL$5>(5%*BL$5),(5%*BL$5)*$B19,$C19*BL$5) -> 175.65431 | BM19: =IF($C19*BM$5>(5%*BM$5),(5%*BM$5)*$B19,$C19*BM$5) -> 148.34762 | BN19: =IF($C19*BN$5>(5%*BN$5),(5%*BN$5)*$B19,$C19*BN$5) -> 147.35864 | BO19: =IF($C19*BO$5>(5%*BO$5),(5%*BO$5)*$B19,$C19*BO$5) -> 146.37625 | BP19: =IF($C19*BP$5>(5%*BP$5),(5%*BP$5)*$B19,$C19*BP$5) -> 145.4004 | BQ19: =IF($C19*BQ$5>(5%*BQ$5),(5%*BQ$5)*$B19,$C19*BQ$5) -> 144.43107 | BR19: =IF($C19*BR$5>(5%*BR$5),(5%*BR$5)*$B19,$C19*BR$5) -> 143.46819 | BS19: =IF($C19*BS$5>(5%*BS$5),(5%*BS$5)*$B19,$C19*BS$5) -> 142.51174 | ... BW19: =IF($C19*BW$5>(5%*BW$5),(5%*BW$5)*$B19,$C19*BW$5) -> 138.74926
... A107: 100 | B107: 0.42 | C107: =B107/SUM($B$8:$B$107) -> 0.0073774811 | D107: =IF($C107*D$5>(5%*D$5),(5%*D$5)*$B107,$C107*D$5) -> 171.95036 | E107: =IF($C107*E$5>(5%*E$5),(5%*E$5)*$B107,$C107*E$5) -> 171.44883 | F107: =IF($C107*F$5>(5%*F$5),(5%*F$5)*$B107,$C107*F$5) -> 170.94878 | G107: =IF($C107*G$5>(5%*G$5),(5%*G$5)*$B107,$C107*G$5) -> 170.45018 | H107: =IF($C107*H$5>(5%*H$5),(5%*H$5)*$B107,$C107*H$5) -> 169.95303 | I107: =IF($C107*I$5>(5%*I$5),(5%*I$5)*$B107,$C107*I$5) -> 169.45733 | J107: =IF($C107*J$5>(5%*J$5),(5%*J$5)*$B107,$C107*J$5) -> 168.96308 | K107: =IF($C107*K$5>(5%*K$5),(5%*K$5)*$B107,$C107*K$5) -> 168.47027 | ... O107: =IF($C107*O$5>(5%*O$5),(5%*O$5)*$B107,$C107*O$5) -> 166.51337 | S107: =IF($C107*S$5>(5%*S$5),(5%*S$5)*$B107,$C107*S$5) -> 333.70133 | T107: =IF($C107*T$5>(5%*T$5),(5%*T$5)*$B107,$C107*T$5) -> 332.3109 | U107: =IF($C107*U$5>(5%*U$5),(5%*U$5)*$B107,$C107*U$5) -> 330.92628 | V107: =IF($C107*V$5>(5%*V$5),(5%*V$5)*$B107,$C107*V$5) -> 329.54742 | W107: =IF($C107*W$5>(5%*W$5),(5%*W$5)*$B107,$C107*W$5) -> 328.1743 | X107: =IF($C107*X$5>(5%*X$5),(5%*X$5)*$B107,$C107*X$5) -> 326.80691 | Y107: =IF($C107*Y$5>(5%*Y$5),(5%*Y$5)*$B107,$C107*Y$5) -> 325.44521 | Z107: =IF($C107*Z$5>(5%*Z$5),(5%*Z$5)*$B107,$C107*Z$5) -> 324.08919 | ... AD107: =IF($C107*AD$5>(5%*AD$5),(5%*AD$5)*$B107,$C107*AD$5) -> 318.72137 | AH107: =IF($C107*AH$5>(5%*AH$5),(5%*AH$5)*$B107,$C107*AH$5) -> 395.64395 | AI107: =IF($C107*AI$5>(5%*AI$5),(5%*AI$5)*$B107,$C107*AI$5) -> 393.79761 | AJ107: =IF($C107*AJ$5>(5%*AJ$5),(5%*AJ$5)*$B107,$C107*AJ$5) -> 391.95989 | AK107: =IF($C107*AK$5>(5%*AK$5),(5%*AK$5)*$B107,$C107*AK$5) -> 390.13074 | AL107: =IF($C107*AL$5>(5%*AL$5),(5%*AL$5)*$B107,$C107*AL$5) -> 388.31013 | AM107: =IF($C107*AM$5>(5%*AM$5),(5%*AM$5)*$B107,$C107*AM$5) -> 386.49802 | AN107: =IF($C107*AN$5>(5%*AN$5),(5%*AN$5)*$B107,$C107*AN$5) -> 384.69436 | AO107: =IF($C107*AO$5>(5%*AO$5),(5%*AO$5)*$B107,$C107*AO$5) -> 382.89912 | ... AS107: =IF($C107*AS$5>(5%*AS$5),(5%*AS$5)*$B107,$C107*AS$5) -> 375.80154 | AW107: =IF($C107*AW$5>(5%*AW$5),(5%*AW$5)*$B107,$C107*AW$5) -> 590.19849 | AX107: =IF($C107*AX$5>(5%*AX$5),(5%*AX$5)*$B107,$C107*AX$5) -> 511.39962 | AY107: =IF($C107*AY$5>(5%*AY$5),(5%*AY$5)*$B107,$C107*AY$5) -> 508.50169 | AZ107: =IF($C107*AZ$5>(5%*AZ$5),(5%*AZ$5)*$B107,$C107*AZ$5) -> 505.62018 | BA107: =IF($C107*BA$5>(5%*BA$5),(5%*BA$5)*$B107,$C107*BA$5) -> 502.755 | BB107: =IF($C107*BB$5>(5%*BB$5),(5%*BB$5)*$B107,$C107*BB$5) -> 499.90605 | BC107: =IF($C107*BC$5>(5%*BC$5),(5%*BC$5)*$B107,$C107*BC$5) -> 497.07325 | BD107: =IF($C107*BD$5>(5%*BD$5),(5%*BD$5)*$B107,$C107*BD$5) -> 494.2565 | ... BH107: =IF($C107*BH$5>(5%*BH$5),(5%*BH$5)*$B107,$C107*BH$5) -> 483.14822 | BL107: =IF($C107*BL$5>(5%*BL$5),(5%*BL$5)*$B107,$C107*BL$5) -> 737.74811 | BM107: =IF($C107*BM$5>(5%*BM$5),(5%*BM$5)*$B107,$C107*BM$5) -> 623.06001 | BN107: =IF($C107*BN$5>(5%*BN$5),(5%*BN$5)*$B107,$C107*BN$5) -> 618.90628 | BO107: =IF($C107*BO$5>(5%*BO$5),(5%*BO$5)*$B107,$C107*BO$5) -> 614.78023 | BP107: =IF($C107*BP$5>(5%*BP$5),(5%*BP$5)*$B107,$C107*BP$5) -> 610.6817 | BQ107: =IF($C107*BQ$5>(5%*BQ$5),(5%*BQ$5)*$B107,$C107*BQ$5) -> 606.61049 | BR107: =IF($C107*BR$5>(5%*BR$5),(5%*BR$5)*$B107,$C107*BR$5) -> 602.56642 | BS107: =IF($C107*BS$5>(5%*BS$5),(5%*BS$5)*$B107,$C107*BS$5) -> 598.54931 | ... BW107: =IF($C107*BW$5>(5%*BW$5),(5%*BW$5)*$B107,$C107*BW$5) -> 582.7469

Sheet Year 4
D1: {=INDIRECT("'Year "&$A$2-1&"'!$P$4")} -> 13502796 | E1: =D1-(D5+D6) -> 13463413 | F1: =E1-(E5+E6) -> 13424145 | G1: =F1-(F5+F6) -> 13384991 | H1: =G1-(G5+G6) -> 13345951 | I1: =H1-(H5+H6) -> 13307026 | J1: =I1-(I5+I6) -> 13268213 | K1: =J1-(J5+J6) -> 13229514 | L1: =K1-(K5+K6) -> 13190928 | ... P1: =O1-(O5+O6) -> 13037706 | S1: {=INDIRECT("'Year "&$A$2-1&"'!$ae$4")} -> 12906574 | T1: =S1-(S5+S6) -> 12852797 | U1: =T1-(T5+T6) -> 12799244 | V1: =U1-(U5+U6) -> 12745914 | W1: =V1-(V5+V6) -> 12692806 | X1: =W1-(W5+W6) -> 12639919 | Y1: =X1-(X5+X6) -> 12587253 | Z1: =Y1-(Y5+Y6) -> 12534806 | AA1: =Z1-(Z5+Z6) -> 12482577 | ... AE1: =AD1-(AD5+AD6) -> 12275831 | AH1: {=INDIRECT("'Year "&$A$2-1&"'!$at$4")} -> 12675322 | AI1: =AH1-(AH5+AH6) -> 12616171 | AJ1: =AI1-(AI5+AI6) -> 12557295 | AK1: =AJ1-(AJ5+AJ6) -> 12498695 | AL1: =AK1-(AK5+AK6) -> 12440367 | AM1: =AL1-(AL5+AL6) -> 12382312 | AN1: =AM1-(AM5+AM6) -> 12324528 | AO1: =AN1-(AN5+AN6) -> 12267014 | AP1: =AO1-(AO5+AO6) -> 12209768 | ... AT1: =AS1-(AS5+AS6) -> 11983442 | AW1: {=INDIRECT("'Year "&$A$2-1&"'!$bi$4")} -> 12209716 | AX1: =AW1-(AW5+AW6) -> 12124716 | AY1: =AX1-(AX5+AX6) -> 12056009 | AZ1: =AY1-(AY5+AY6) -> 11987692 | BA1: =AZ1-(AZ5+AZ6) -> 11919761 | BB1: =BA1-(BA5+BA6) -> 11852216 | BC1: =BB1-(BB5+BB6) -> 11785053 | BD1: =BC1-(BC5+BC6) -> 11718271 | BE1: =BD1-(BD5+BD6) -> 11651868 | ... BI1: =BH1-(BH5+BH6) -> 11389995 | BL1: {=INDIRECT("'Year "&$A$2-1&"'!$bx$4")} -> 11769503 | BM1: =BL1-(BL5+BL6) -> 11669503 | BN1: =BM1-(BM5+BM6) -> 11591707 | BO1: =BN1-(BN5+BN6) -> 11514429 | BP1: =BO1-(BO5+BO6) -> 11437666 | BQ1: =BP1-(BP5+BP6) -> 11361415 | BR1: =BQ1-(BQ5+BQ6) -> 11285672 | BS1: =BR1-(BR5+BR6) -> 11210434 | BT1: =BS1-(BS5+BS6) -> 11135698 | ... BX1: =BW1-(BW5+BW6) -> 10841702
A2: 4 | B2: Burn | C2: Volume <= $50M | R2: Volume $50M - $200M | AG2: Volume $200M - $500M | AV2: Volume $500M – $1B | BK2: Volume > $1B
B3: =Simulations!$B$1 -> 0.25 | C3: 0.25 | D3: Jan | E3: Feb | F3: Mar | G3: Apr | H3: May | I3: Jun | J3: Jul | K3: Aug | L3: Sep | M3: Oct | N3: Nov | O3: Dec | P3: Remaining | R3: 0.5 | S3: Jan | T3: Feb | U3: Mar | V3: Apr | W3: May | X3: Jun | Y3: Jul | Z3: Aug | AA3: Sep | AB3: Oct | AC3: Nov | AD3: Dec | AE3: Remaining | AG3: 0.6 | AH3: Jan | AI3: Feb | AJ3: Mar | AK3: Apr | AL3: May | AM3: Jun | AN3: Jul | AO3: Aug | AP3: Sep | AQ3: Oct | AR3: Nov | AS3: Dec | AT3: Remaining | AV3: 0.8 | AW3: Jan | AX3: Feb | AY3: Mar | AZ3: Apr | BA3: May | BB3: Jun | BC3: Jul | BD3: Aug | BE3: Sep | BF3: Oct | BG3: Nov | BH3: Dec | BI3: Remaining | BK3: 1 | BL3: Jan | BM3: Feb | BN3: Mar | BO3: Apr | BP3: May | BQ3: Jun | BR3: Jul | BS3: Aug | BT3: Sep | BU3: Oct | BV3: Nov | BW3: Dec | BX3: Remaining
C4: Monthly maximum | D4: {=INDIRECT("Simulations!$c$"&$A$2+3)*(D1/12)} -> 90018.64 | E4: {=INDIRECT("Simulations!$c$"&$A$2+3)*(E1/12)} -> 89756.086 | F4: {=INDIRECT("Simulations!$c$"&$A$2+3)*(F1/12)} -> 89494.297 | G4: {=INDIRECT("Simulations!$c$"&$A$2+3)*(G1/12)} -> 89233.272 | H4: {=INDIRECT("Simulations!$c$"&$A$2+3)*(H1/12)} -> 88973.009 | I4: {=INDIRECT("Simulations!$c$"&$A$2+3)*(I1/12)} -> 88713.504 | J4: {=INDIRECT("Simulations!$c$"&$A$2+3)*(J1/12)} -> 88454.756 | K4: {=INDIRECT("Simulations!$c$"&$A$2+3)*(K1/12)} -> 88196.763 | ... O4: {=INDIRECT("Simulations!$c$"&$A$2+3)*(O1/12)} -> 87172.294 | P4: =$D$1-($P$5+$P$6) -> 13037706 | R4: Monthly maximum | S4: {=INDIRECT("Simulations!$c$"&$A$2+3)*(S1/12)} -> 86043.83 | T4: {=(INDIRECT("Simulations!$c$"&$A$2+3)*(T1/12))} -> 85685.314 | U4: {=(INDIRECT("Simulations!$c$"&$A$2+3)*(U1/12))} -> 85328.292 | V4: {=(INDIRECT("Simulations!$c$"&$A$2+3)*(V1/12))} -> 84972.757 | W4: {=(INDIRECT("Simulations!$c$"&$A$2+3)*(W1/12))} -> 84618.704 | X4: {=(INDIRECT("Simulations!$c$"&$A$2+3)*(X1/12))} -> 84266.126 | Y4: {=(INDIRECT("Simulations!$c$"&$A$2+3)*(Y1/12))} -> 83915.017 | Z4: {=(INDIRECT("Simulations!$c$"&$A$2+3)*(Z1/12))} -> 83565.371 | AA4: {=(INDIRECT("Simulations!$c$"&$A$2+3)*(AA1/12))} -> 83217.182 | ... AD4: {=(INDIRECT("Simulations!$c$"&$A$2+3)*(AD1/12))} -> 82181.296 | AE4: =$S$1-($AE$5+$AE$6) -> 12275831 | AG4: Monthly maximum | AH4: {=INDIRECT("Simulations!$c$"&$A$2+3)*(AH1/12)} -> 84502.149 | AI4: {=INDIRECT("Simulations!$c$"&$A$2+3)*(AI1/12)} -> 84107.805 | AJ4: {=INDIRECT("Simulations!$c$"&$A$2+3)*(AJ1/12)} -> 83715.302 | AK4: {=INDIRECT("Simulations!$c$"&$A$2+3)*(AK1/12)} -> 83324.631 | AL4: {=INDIRECT("Simulations!$c$"&$A$2+3)*(AL1/12)} -> 82935.783 | AM4: {=INDIRECT("Simulations!$c$"&$A$2+3)*(AM1/12)} -> 82548.749 | AN4: {=INDIRECT("Simulations!$c$"&$A$2+3)*(AN1/12)} -> 82163.521 | AO4: {=INDIRECT("Simulations!$c$"&$A$2+3)*(AO1/12)} -> 81780.092 | ... AS4: {=INDIRECT("Simulations!$c$"&$A$2+3)*(AS1/12)} -> 80264.183 | AT4: =$AH$1-($AT$5+$AT$6) -> 11983442 | AV4: Monthly maximum | AW4: 100000 | AX4: {=(INDIRECT("Simulations!$c$"&$A$2+3)*(AX1/12))} -> 80831.438 | AY4: {=(INDIRECT("Simulations!$c$"&$A$2+3)*(AY1/12))} -> 80373.393 | AZ4: {=(INDIRECT("Simulations!$c$"&$A$2+3)*(AZ1/12))} -> 79917.944 | BA4: {=(INDIRECT("Simulations!$c$"&$A$2+3)*(BA1/12))} -> 79465.075 | BB4: {=(INDIRECT("Simulations!$c$"&$A$2+3)*(BB1/12))} -> 79014.773 | BC4: {=(INDIRECT("Simulations!$c$"&$A$2+3)*(BC1/12))} -> 78567.023 | BD4: {=(INDIRECT("Simulations!$c$"&$A$2+3)*(BD1/12))} -> 78121.81 | BE4: {=(INDIRECT("Simulations!$c$"&$A$2+3)*(BE1/12))} -> 77679.119 | ... BH4: {=(INDIRECT("Simulations!$c$"&$A$2+3)*(BH1/12))} -> 76366.043 | BI4: =$AW$1-($BI$5+$BI$6) -> 11389995 | BK4: Monthly maximum | BL4: {=INDIRECT("Simulations!$c$"&$A$2+3)*Simulations!$D$1/12} -> 100000 | BM4: {=INDIRECT("Simulations!$c$"&$A$2+3)*(BM1/12)} -> 77796.688 | BN4: {=INDIRECT("Simulations!$c$"&$A$2+3)*(BN1/12)} -> 77278.044 | BO4: {=INDIRECT("Simulations!$c$"&$A$2+3)*(BO1/12)} -> 76762.857 | BP4: {=INDIRECT("Simulations!$c$"&$A$2+3)*(BP1/12)} -> 76251.104 | BQ4: {=INDIRECT("Simulations!$c$"&$A$2+3)*(BQ1/12)} -> 75742.764 | BR4: {=INDIRECT("Simulations!$c$"&$A$2+3)*(BR1/12)} -> 75237.812 | BS4: {=INDIRECT("Simulations!$c$"&$A$2+3)*(BS1/12)} -> 74736.226 | BT4: {=INDIRECT("Simulations!$c$"&$A$2+3)*(BT1/12)} -> 74237.985 | ... BW4: {=INDIRECT("Simulations!$c$"&$A$2+3)*(BW1/12)} -> 72763.102 | BX4: =$BL$1-($BX$5+$BX$6) -> 10841702
C5: Total Distributed | D5: =$C$3*D4 -> 22504.66 | E5: =$C$3*E4 -> 22439.021 | F5: =$C$3*F4 -> 22373.574 | G5: =$C$3*G4 -> 22308.318 | H5: =$C$3*H4 -> 22243.252 | I5: =$C$3*I4 -> 22178.376 | J5: =$C$3*J4 -> 22113.689 | K5: =$C$3*K4 -> 22049.191 | ... O5: =$C$3*O4 -> 21793.073 | P5: =SUM(D5:O5) -> 265765.62 | R5: Total Distributed | S5: =$R$3*S4 -> 43021.915 | T5: =$R$3*T4 -> 42842.657 | U5: =$R$3*U4 -> 42664.146 | V5: =$R$3*V4 -> 42486.379 | W5: =$R$3*W4 -> 42309.352 | X5: =$R$3*X4 -> 42133.063 | Y5: =$R$3*Y4 -> 41957.509 | Z5: =$R$3*Z4 -> 41782.686 | ... AD5: =$R$3*AD4 -> 41090.648 | AE5: =SUM(S5:AD5) -> 504594.74 | AG5: Total Distributed | AH5: =$AG$3*AH4 -> 50701.289 | AI5: =$AG$3*AI4 -> 50464.683 | AJ5: =$AG$3*AJ4 -> 50229.181 | AK5: =$AG$3*AK4 -> 49994.778 | AL5: =$AG$3*AL4 -> 49761.47 | AM5: =$AG$3*AM4 -> 49529.249 | AN5: =$AG$3*AN4 -> 49298.113 | AO5: =$AG$3*AO4 -> 49068.055 | ... AS5: =$AG$3*AS4 -> 48158.51 | AT5: =SUM(AH5:AS5) -> 593039.86 | AV5: Total Distributed | AW5: =$AV$3*AW4 -> 80000 | AX5: =$AV$3*AX4 -> 64665.15 | AY5: =$AV$3*AY4 -> 64298.714 | AZ5: =$AV$3*AZ4 -> 63934.355 | BA5: =$AV$3*BA4 -> 63572.06 | BB5: =$AV$3*BB4 -> 63211.819 | BC5: =$AV$3*BC4 -> 62853.618 | BD5: =$AV$3*BD4 -> 62497.448 | ... BH5: =$AV$3*BH4 -> 61092.835 | BI5: =SUM(AW5:BH5) -> 771501.45 | BK5: Total Distributed | BL5: =$BK$3*BL4 -> 100000 | BM5: =$BK$3*BM4 -> 77796.688 | BN5: =$BK$3*BN4 -> 77278.044 | BO5: =$BK$3*BO4 -> 76762.857 | BP5: =$BK$3*BP4 -> 76251.104 | BQ5: =$BK$3*BQ4 -> 75742.764 | BR5: =$BK$3*BR4 -> 75237.812 | BS5: =$BK$3*BS4 -> 74736.226 | ... BW5: =$BK$3*BW4 -> 72763.102 | BX5: =SUM(BL5:BW5) -> 927801.09
C6: Total Burned | D6: =$B$3*(D4-D5) -> 16878.495 | E6: =$B$3*(E4-E5) -> 16829.266 | F6: =$B$3*(F4-F5) -> 16780.181 | G6: =$B$3*(G4-G5) -> 16731.239 | H6: =$B$3*(H4-H5) -> 16682.439 | I6: =$B$3*(I4-I5) -> 16633.782 | J6: =$B$3*(J4-J5) -> 16585.267 | K6: =$B$3*(K4-K5) -> 16536.893 | ... O6: =$B$3*(O4-O5) -> 16344.805 | P6: =SUM(D6:O6) -> 199324.21 | R6: Total Burned | S6: =$B$3*(S4-S5) -> 10755.479 | T6: =$B$3*(T4-T5) -> 10710.664 | U6: =$B$3*(U4-U5) -> 10666.036 | V6: =$B$3*(V4-V5) -> 10621.595 | W6: =$B$3*(W4-W5) -> 10577.338 | X6: =$B$3*(X4-X5) -> 10533.266 | Y6: =$B$3*(Y4-Y5) -> 10489.377 | Z6: =$B$3*(Z4-Z5) -> 10445.671 | ... AD6: =$B$3*(AD4-AD5) -> 10272.662 | AE6: =SUM(S6:AD6) -> 126148.69 | AG6: Total Burned | AH6: =$B$3*(AH4-AH5) -> 8450.2149 | AI6: =$B$3*(AI4-AI5) -> 8410.7805 | AJ6: =$B$3*(AJ4-AJ5) -> 8371.5302 | AK6: =$B$3*(AK4-AK5) -> 8332.4631 | AL6: =$B$3*(AL4-AL5) -> 8293.5783 | AM6: =$B$3*(AM4-AM5) -> 8254.8749 | AN6: =$B$3*(AN4-AN5) -> 8216.3521 | AO6: =$B$3*(AO4-AO5) -> 8178.0092 | ... AS6: =$B$3*(AS4-AS5) -> 8026.4183 | AT6: =SUM(AH6:AS6) -> 98839.976 | AV6: Total Burned | AW6: =$B$3*(AW4-AW5) -> 5000 | AX6: =$B$3*(AX4-AX5) -> 4041.5719 | AY6: =$B$3*(AY4-AY5) -> 4018.6696 | AZ6: =$B$3*(AZ4-AZ5) -> 3995.8972 | BA6: =$B$3*(BA4-BA5) -> 3973.2538 | BB6: =$B$3*(BB4-BB5) -> 3950.7387 | BC6: =$B$3*(BC4-BC5) -> 3928.3511 | BD6: =$B$3*(BD4-BD5) -> 3906.0905 | ... BH6: =$B$3*(BH4-BH5) -> 3818.3022 | BI6: =SUM(AW6:BH6) -> 48218.84 | BK6: Total Burned | BL6: =$B$3*(BL4-BL5) -> 0 | BM6: =$B$3*(BM4-BM5) -> 0 | BN6: =$B$3*(BN4-BN5) -> 0 | BO6: =$B$3*(BO4-BO5) -> 0 | BP6: =$B$3*(BP4-BP5) -> 0 | BQ6: =$B$3*(BQ4-BQ5) -> 0 | BR6: =$B$3*(BR4-BR5) -> 0 | BS6: =$B$3*(BS4-BS5) -> 0 | ... BW6: =$B$3*(BW4-BW5) -> 0 | BX6: =SUM(BL6:BW6) -> 0
A7: User | B7: User Score | C7: Pool Participation | D7: User Receives | E7: User Receives | F7: User Receives | G7: User Receives | H7: User Receives | I7: User Receives | J7: User Receives | K7: User Receives | L7: User Receives | M7: User Receives | N7: User Receives | O7: User Receives | S7: User Receives | T7: User Receives | U7: User Receives | V7: User Receives | W7: User Receives | X7: User Receives | Y7: User Receives | Z7: User Receives | AA7: User Receives | AB7: User Receives | AC7: User Receives | AD7: User Receives | AH7: User Receives | AI7: User Receives | AJ7: User Receives | AK7: User Receives | AL7: User Receives | AM7: User Receives | AN7: User Receives | AO7: User Receives | AP7: User Receives | AQ7: User Receives | AR7: User Receives | AS7: User Receives | AW7: User Receives | AX7: User Receives | AY7: User Receives | AZ7: User Receives | BA7: User Receives | BB7: User Receives | BC7: User Receives | BD7: User Receives | BE7: User Receives | BF7: User Receives | BG7: User Receives | BH7: User Receives | BL7: User Receives | BM7: User Receives | BN7: User Receives | BO7: User Receives | BP7: User Receives | BQ7: User Receives | BR7: User Receives | BS7: User Receives | BT7: User Receives | BU7: User Receives | BV7: User Receives | BW7: User Receives
A8: 1 | B8: 1.1 | C8: =B8/SUM($B$8:$B$107) -> 0.019321974 | D8: =IF($C8*D$5>(5%*D$5),(5%*D$5)*$B8,$C8*D$5) -> 434.83446 | E8: =IF($C8*E$5>(5%*E$5),(5%*E$5)*$B8,$C8*E$5) -> 433.5662 | F8: =IF($C8*F$5>(5%*F$5),(5%*F$5)*$B8,$C8*F$5) -> 432.30163 | G8: =IF($C8*G$5>(5%*G$5),(5%*G$5)*$B8,$C8*G$5) -> 431.04075 | H8: =IF($C8*H$5>(5%*H$5),(5%*H$5)*$B8,$C8*H$5) -> 429.78355 | I8: =IF($C8*I$5>(5%*I$5),(5%*I$5)*$B8,$C8*I$5) -> 428.53001 | J8: =IF($C8*J$5>(5%*J$5),(5%*J$5)*$B8,$C8*J$5) -> 427.28013 | K8: =IF($C8*K$5>(5%*K$5),(5%*K$5)*$B8,$C8*K$5) -> 426.0339 | ... O8: =IF($C8*O$5>(5%*O$5),(5%*O$5)*$B8,$C8*O$5) -> 421.08521 | S8: =IF($C8*S$5>(5%*S$5),(5%*S$5)*$B8,$C8*S$5) -> 831.26834 | T8: =IF($C8*T$5>(5%*T$5),(5%*T$5)*$B8,$C8*T$5) -> 827.80472 | U8: =IF($C8*U$5>(5%*U$5),(5%*U$5)*$B8,$C8*U$5) -> 824.35553 | V8: =IF($C8*V$5>(5%*V$5),(5%*V$5)*$B8,$C8*V$5) -> 820.92072 | W8: =IF($C8*W$5>(5%*W$5),(5%*W$5)*$B8,$C8*W$5) -> 817.50021 | X8: =IF($C8*X$5>(5%*X$5),(5%*X$5)*$B8,$C8*X$5) -> 814.09396 | Y8: =IF($C8*Y$5>(5%*Y$5),(5%*Y$5)*$B8,$C8*Y$5) -> 810.70191 | Z8: =IF($C8*Z$5>(5%*Z$5),(5%*Z$5)*$B8,$C8*Z$5) -> 807.32398 | ... AD8: =IF($C8*AD$5>(5%*AD$5),(5%*AD$5)*$B8,$C8*AD$5) -> 793.95244 | AH8: =IF($C8*AH$5>(5%*AH$5),(5%*AH$5)*$B8,$C8*AH$5) -> 979.64901 | AI8: =IF($C8*AI$5>(5%*AI$5),(5%*AI$5)*$B8,$C8*AI$5) -> 975.07731 | AJ8: =IF($C8*AJ$5>(5%*AJ$5),(5%*AJ$5)*$B8,$C8*AJ$5) -> 970.52695 | AK8: =IF($C8*AK$5>(5%*AK$5),(5%*AK$5)*$B8,$C8*AK$5) -> 965.99783 | AL8: =IF($C8*AL$5>(5%*AL$5),(5%*AL$5)*$B8,$C8*AL$5) -> 961.48984 | AM8: =IF($C8*AM$5>(5%*AM$5),(5%*AM$5)*$B8,$C8*AM$5) -> 957.00289 | AN8: =IF($C8*AN$5>(5%*AN$5),(5%*AN$5)*$B8,$C8*AN$5) -> 952.53687 | AO8: =IF($C8*AO$5>(5%*AO$5),(5%*AO$5)*$B8,$C8*AO$5) -> 948.0917 | ... AS8: =IF($C8*AS$5>(5%*AS$5),(5%*AS$5)*$B8,$C8*AS$5) -> 930.51749 | AW8: =IF($C8*AW$5>(5%*AW$5),(5%*AW$5)*$B8,$C8*AW$5) -> 1545.7579 | AX8: =IF($C8*AX$5>(5%*AX$5),(5%*AX$5)*$B8,$C8*AX$5) -> 1249.4584 | AY8: =IF($C8*AY$5>(5%*AY$5),(5%*AY$5)*$B8,$C8*AY$5) -> 1242.3781 | AZ8: =IF($C8*AZ$5>(5%*AZ$5),(5%*AZ$5)*$B8,$C8*AZ$5) -> 1235.338 | BA8: =IF($C8*BA$5>(5%*BA$5),(5%*BA$5)*$B8,$C8*BA$5) -> 1228.3377 | BB8: =IF($C8*BB$5>(5%*BB$5),(5%*BB$5)*$B8,$C8*BB$5) -> 1221.3771 | BC8: =IF($C8*BC$5>(5%*BC$5),(5%*BC$5)*$B8,$C8*BC$5) -> 1214.456 | BD8: =IF($C8*BD$5>(5%*BD$5),(5%*BD$5)*$B8,$C8*BD$5) -> 1207.5741 | ... BH8: =IF($C8*BH$5>(5%*BH$5),(5%*BH$5)*$B8,$C8*BH$5) -> 1180.4342 | BL8: =IF($C8*BL$5>(5%*BL$5),(5%*BL$5)*$B8,$C8*BL$5) -> 1932.1974 | BM8: =IF($C8*BM$5>(5%*BM$5),(5%*BM$5)*$B8,$C8*BM$5) -> 1503.1856 | BN8: =IF($C8*BN$5>(5%*BN$5),(5%*BN$5)*$B8,$C8*BN$5) -> 1493.1644 | BO8: =IF($C8*BO$5>(5%*BO$5),(5%*BO$5)*$B8,$C8*BO$5) -> 1483.2099 | BP8: =IF($C8*BP$5>(5%*BP$5),(5%*BP$5)*$B8,$C8*BP$5) -> 1473.3219 | BQ8: =IF($C8*BQ$5>(5%*BQ$5),(5%*BQ$5)*$B8,$C8*BQ$5) -> 1463.4997 | BR8: =IF($C8*BR$5>(5%*BR$5),(5%*BR$5)*$B8,$C8*BR$5) -> 1453.7431 | BS8: =IF($C8*BS$5>(5%*BS$5),(5%*BS$5)*$B8,$C8*BS$5) -> 1444.0515 | ... BW8: =IF($C8*BW$5>(5%*BW$5),(5%*BW$5)*$B8,$C8*BW$5) -> 1405.9268
A9: 2 | B9: 0.43 | C9: =B9/SUM($B$8:$B$107) -> 0.0075531354 | D9: =IF($C9*D$5>(5%*D$5),(5%*D$5)*$B9,$C9*D$5) -> 169.98075 | E9: =IF($C9*E$5>(5%*E$5),(5%*E$5)*$B9,$C9*E$5) -> 169.48497 | F9: =IF($C9*F$5>(5%*F$5),(5%*F$5)*$B9,$C9*F$5) -> 168.99064 | G9: =IF($C9*G$5>(5%*G$5),(5%*G$5)*$B9,$C9*G$5) -> 168.49775 | H9: =IF($C9*H$5>(5%*H$5),(5%*H$5)*$B9,$C9*H$5) -> 168.0063 | I9: =IF($C9*I$5>(5%*I$5),(5%*I$5)*$B9,$C9*I$5) -> 167.51628 | J9: =IF($C9*J$5>(5%*J$5),(5%*J$5)*$B9,$C9*J$5) -> 167.02769 | K9: =IF($C9*K$5>(5%*K$5),(5%*K$5)*$B9,$C9*K$5) -> 166.54052 | ... O9: =IF($C9*O$5>(5%*O$5),(5%*O$5)*$B9,$C9*O$5) -> 164.60604 | S9: =IF($C9*S$5>(5%*S$5),(5%*S$5)*$B9,$C9*S$5) -> 324.95035 | T9: =IF($C9*T$5>(5%*T$5),(5%*T$5)*$B9,$C9*T$5) -> 323.59639 | U9: =IF($C9*U$5>(5%*U$5),(5%*U$5)*$B9,$C9*U$5) -> 322.24807 | V9: =IF($C9*V$5>(5%*V$5),(5%*V$5)*$B9,$C9*V$5) -> 320.90537 | W9: =IF($C9*W$5>(5%*W$5),(5%*W$5)*$B9,$C9*W$5) -> 319.56827 | X9: =IF($C9*X$5>(5%*X$5),(5%*X$5)*$B9,$C9*X$5) -> 318.23673 | Y9: =IF($C9*Y$5>(5%*Y$5),(5%*Y$5)*$B9,$C9*Y$5) -> 316.91074 | Z9: =IF($C9*Z$5>(5%*Z$5),(5%*Z$5)*$B9,$C9*Z$5) -> 315.59028 | ... AD9: =IF($C9*AD$5>(5%*AD$5),(5%*AD$5)*$B9,$C9*AD$5) -> 310.36323 | AH9: =IF($C9*AH$5>(5%*AH$5),(5%*AH$5)*$B9,$C9*AH$5) -> 382.9537 | AI9: =IF($C9*AI$5>(5%*AI$5),(5%*AI$5)*$B9,$C9*AI$5) -> 381.16659 | AJ9: =IF($C9*AJ$5>(5%*AJ$5),(5%*AJ$5)*$B9,$C9*AJ$5) -> 379.38781 | AK9: =IF($C9*AK$5>(5%*AK$5),(5%*AK$5)*$B9,$C9*AK$5) -> 377.61733 | AL9: =IF($C9*AL$5>(5%*AL$5),(5%*AL$5)*$B9,$C9*AL$5) -> 375.85512 | AM9: =IF($C9*AM$5>(5%*AM$5),(5%*AM$5)*$B9,$C9*AM$5) -> 374.10113 | AN9: =IF($C9*AN$5>(5%*AN$5),(5%*AN$5)*$B9,$C9*AN$5) -> 372.35532 | AO9: =IF($C9*AO$5>(5%*AO$5),(5%*AO$5)*$B9,$C9*AO$5) -> 370.61766 | ... AS9: =IF($C9*AS$5>(5%*AS$5),(5%*AS$5)*$B9,$C9*AS$5) -> 363.74774 | AW9: =IF($C9*AW$5>(5%*AW$5),(5%*AW$5)*$B9,$C9*AW$5) -> 604.25083 | AX9: =IF($C9*AX$5>(5%*AX$5),(5%*AX$5)*$B9,$C9*AX$5) -> 488.42464 | AY9: =IF($C9*AY$5>(5%*AY$5),(5%*AY$5)*$B9,$C9*AY$5) -> 485.6569 | AZ9: =IF($C9*AZ$5>(5%*AZ$5),(5%*AZ$5)*$B9,$C9*AZ$5) -> 482.90484 | BA9: =IF($C9*BA$5>(5%*BA$5),(5%*BA$5)*$B9,$C9*BA$5) -> 480.16838 | BB9: =IF($C9*BB$5>(5%*BB$5),(5%*BB$5)*$B9,$C9*BB$5) -> 477.44743 | BC9: =IF($C9*BC$5>(5%*BC$5),(5%*BC$5)*$B9,$C9*BC$5) -> 474.74189 | BD9: =IF($C9*BD$5>(5%*BD$5),(5%*BD$5)*$B9,$C9*BD$5) -> 472.05169 | ... BH9: =IF($C9*BH$5>(5%*BH$5),(5%*BH$5)*$B9,$C9*BH$5) -> 461.44245 | BL9: =IF($C9*BL$5>(5%*BL$5),(5%*BL$5)*$B9,$C9*BL$5) -> 755.31354 | BM9: =IF($C9*BM$5>(5%*BM$5),(5%*BM$5)*$B9,$C9*BM$5) -> 587.60892 | BN9: =IF($C9*BN$5>(5%*BN$5),(5%*BN$5)*$B9,$C9*BN$5) -> 583.69153 | BO9: =IF($C9*BO$5>(5%*BO$5),(5%*BO$5)*$B9,$C9*BO$5) -> 579.80025 | BP9: =IF($C9*BP$5>(5%*BP$5),(5%*BP$5)*$B9,$C9*BP$5) -> 575.93492 | BQ9: =IF($C9*BQ$5>(5%*BQ$5),(5%*BQ$5)*$B9,$C9*BQ$5) -> 572.09535 | BR9: =IF($C9*BR$5>(5%*BR$5),(5%*BR$5)*$B9,$C9*BR$5) -> 568.28138 | BS9: =IF($C9*BS$5>(5%*BS$5),(5%*BS$5)*$B9,$C9*BS$5) -> 564.49284 | ... BW9: =IF($C9*BW$5>(5%*BW$5),(5%*BW$5)*$B9,$C9*BW$5) -> 549.58956
A10: 3 | B10: 0.44 | C10: =B10/SUM($B$8:$B$107) -> 0.0077287897 | D10: =IF($C10*D$5>(5%*D$5),(5%*D$5)*$B10,$C10*D$5) -> 173.93379 | E10: =IF($C10*E$5>(5%*E$5),(5%*E$5)*$B10,$C10*E$5) -> 173.42648 | F10: =IF($C10*F$5>(5%*F$5),(5%*F$5)*$B10,$C10*F$5) -> 172.92065 | G10: =IF($C10*G$5>(5%*G$5),(5%*G$5)*$B10,$C10*G$5) -> 172.4163 | H10: =IF($C10*H$5>(5%*H$5),(5%*H$5)*$B10,$C10*H$5) -> 171.91342 | I10: =IF($C10*I$5>(5%*I$5),(5%*I$5)*$B10,$C10*I$5) -> 171.412 | J10: =IF($C10*J$5>(5%*J$5),(5%*J$5)*$B10,$C10*J$5) -> 170.91205 | K10: =IF($C10*K$5>(5%*K$5),(5%*K$5)*$B10,$C10*K$5) -> 170.41356 | ... O10: =IF($C10*O$5>(5%*O$5),(5%*O$5)*$B10,$C10*O$5) -> 168.43408 | S10: =IF($C10*S$5>(5%*S$5),(5%*S$5)*$B10,$C10*S$5) -> 332.50733 | T10: =IF($C10*T$5>(5%*T$5),(5%*T$5)*$B10,$C10*T$5) -> 331.12189 | U10: =IF($C10*U$5>(5%*U$5),(5%*U$5)*$B10,$C10*U$5) -> 329.74221 | V10: =IF($C10*V$5>(5%*V$5),(5%*V$5)*$B10,$C10*V$5) -> 328.36829 | W10: =IF($C10*W$5>(5%*W$5),(5%*W$5)*$B10,$C10*W$5) -> 327.00009 | X10: =IF($C10*X$5>(5%*X$5),(5%*X$5)*$B10,$C10*X$5) -> 325.63759 | Y10: =IF($C10*Y$5>(5%*Y$5),(5%*Y$5)*$B10,$C10*Y$5) -> 324.28076 | Z10: =IF($C10*Z$5>(5%*Z$5),(5%*Z$5)*$B10,$C10*Z$5) -> 322.92959 | ... AD10: =IF($C10*AD$5>(5%*AD$5),(5%*AD$5)*$B10,$C10*AD$5) -> 317.58098 | AH10: =IF($C10*AH$5>(5%*AH$5),(5%*AH$5)*$B10,$C10*AH$5) -> 391.8596 | AI10: =IF($C10*AI$5>(5%*AI$5),(5%*AI$5)*$B10,$C10*AI$5) -> 390.03093 | AJ10: =IF($C10*AJ$5>(5%*AJ$5),(5%*AJ$5)*$B10,$C10*AJ$5) -> 388.21078 | AK10: =IF($C10*AK$5>(5%*AK$5),(5%*AK$5)*$B10,$C10*AK$5) -> 386.39913 | AL10: =IF($C10*AL$5>(5%*AL$5),(5%*AL$5)*$B10,$C10*AL$5) -> 384.59594 | AM10: =IF($C10*AM$5>(5%*AM$5),(5%*AM$5)*$B10,$C10*AM$5) -> 382.80115 | AN10: =IF($C10*AN$5>(5%*AN$5),(5%*AN$5)*$B10,$C10*AN$5) -> 381.01475 | AO10: =IF($C10*AO$5>(5%*AO$5),(5%*AO$5)*$B10,$C10*AO$5) -> 379.23668 | ... AS10: =IF($C10*AS$5>(5%*AS$5),(5%*AS$5)*$B10,$C10*AS$5) -> 372.20699 | AW10: =IF($C10*AW$5>(5%*AW$5),(5%*AW$5)*$B10,$C10*AW$5) -> 618.30318 | AX10: =IF($C10*AX$5>(5%*AX$5),(5%*AX$5)*$B10,$C10*AX$5) -> 499.78335 | AY10: =IF($C10*AY$5>(5%*AY$5),(5%*AY$5)*$B10,$C10*AY$5) -> 496.95124 | AZ10: =IF($C10*AZ$5>(5%*AZ$5),(5%*AZ$5)*$B10,$C10*AZ$5) -> 494.13519 | BA10: =IF($C10*BA$5>(5%*BA$5),(5%*BA$5)*$B10,$C10*BA$5) -> 491.33509 | BB10: =IF($C10*BB$5>(5%*BB$5),(5%*BB$5)*$B10,$C10*BB$5) -> 488.55085 | BC10: =IF($C10*BC$5>(5%*BC$5),(5%*BC$5)*$B10,$C10*BC$5) -> 485.7824 | BD10: =IF($C10*BD$5>(5%*BD$5),(5%*BD$5)*$B10,$C10*BD$5) -> 483.02963 | ... BH10: =IF($C10*BH$5>(5%*BH$5),(5%*BH$5)*$B10,$C10*BH$5) -> 472.17367 | BL10: =IF($C10*BL$5>(5%*BL$5),(5%*BL$5)*$B10,$C10*BL$5) -> 772.87897 | BM10: =IF($C10*BM$5>(5%*BM$5),(5%*BM$5)*$B10,$C10*BM$5) -> 601.27425 | BN10: =IF($C10*BN$5>(5%*BN$5),(5%*BN$5)*$B10,$C10*BN$5) -> 597.26575 | BO10: =IF($C10*BO$5>(5%*BO$5),(5%*BO$5)*$B10,$C10*BO$5) -> 593.28398 | BP10: =IF($C10*BP$5>(5%*BP$5),(5%*BP$5)*$B10,$C10*BP$5) -> 589.32875 | BQ10: =IF($C10*BQ$5>(5%*BQ$5),(5%*BQ$5)*$B10,$C10*BQ$5) -> 585.39989 | BR10: =IF($C10*BR$5>(5%*BR$5),(5%*BR$5)*$B10,$C10*BR$5) -> 581.49723 | BS10: =IF($C10*BS$5>(5%*BS$5),(5%*BS$5)*$B10,$C10*BS$5) -> 577.62058 | ... BW10: =IF($C10*BW$5>(5%*BW$5),(5%*BW$5)*$B10,$C10*BW$5) -> 562.37071
A11: 4 | B11: 1.09 | C11: =B11/SUM($B$8:$B$107) -> 0.01914632 | D11: =IF($C11*D$5>(5%*D$5),(5%*D$5)*$B11,$C11*D$5) -> 430.88142 | E11: =IF($C11*E$5>(5%*E$5),(5%*E$5)*$B11,$C11*E$5) -> 429.62469 | F11: =IF($C11*F$5>(5%*F$5),(5%*F$5)*$B11,$C11*F$5) -> 428.37161 | G11: =IF($C11*G$5>(5%*G$5),(5%*G$5)*$B11,$C11*G$5) -> 427.1222 | H11: =IF($C11*H$5>(5%*H$5),(5%*H$5)*$B11,$C11*H$5) -> 425.87642 | I11: =IF($C11*I$5>(5%*I$5),(5%*I$5)*$B11,$C11*I$5) -> 424.63428 | J11: =IF($C11*J$5>(5%*J$5),(5%*J$5)*$B11,$C11*J$5) -> 423.39577 | K11: =IF($C11*K$5>(5%*K$5),(5%*K$5)*$B11,$C11*K$5) -> 422.16086 | ... O11: =IF($C11*O$5>(5%*O$5),(5%*O$5)*$B11,$C11*O$5) -> 417.25716 | S11: =IF($C11*S$5>(5%*S$5),(5%*S$5)*$B11,$C11*S$5) -> 823.71135 | T11: =IF($C11*T$5>(5%*T$5),(5%*T$5)*$B11,$C11*T$5) -> 820.27922 | U11: =IF($C11*U$5>(5%*U$5),(5%*U$5)*$B11,$C11*U$5) -> 816.86139 | V11: =IF($C11*V$5>(5%*V$5),(5%*V$5)*$B11,$C11*V$5) -> 813.4578 | W11: =IF($C11*W$5>(5%*W$5),(5%*W$5)*$B11,$C11*W$5) -> 810.06839 | X11: =IF($C11*X$5>(5%*X$5),(5%*X$5)*$B11,$C11*X$5) -> 806.69311 | Y11: =IF($C11*Y$5>(5%*Y$5),(5%*Y$5)*$B11,$C11*Y$5) -> 803.33189 | Z11: =IF($C11*Z$5>(5%*Z$5),(5%*Z$5)*$B11,$C11*Z$5) -> 799.98467 | ... AD11: =IF($C11*AD$5>(5%*AD$5),(5%*AD$5)*$B11,$C11*AD$5) -> 786.73469 | AH11: =IF($C11*AH$5>(5%*AH$5),(5%*AH$5)*$B11,$C11*AH$5) -> 970.74311 | AI11: =IF($C11*AI$5>(5%*AI$5),(5%*AI$5)*$B11,$C11*AI$5) -> 966.21298 | AJ11: =IF($C11*AJ$5>(5%*AJ$5),(5%*AJ$5)*$B11,$C11*AJ$5) -> 961.70398 | AK11: =IF($C11*AK$5>(5%*AK$5),(5%*AK$5)*$B11,$C11*AK$5) -> 957.21603 | AL11: =IF($C11*AL$5>(5%*AL$5),(5%*AL$5)*$B11,$C11*AL$5) -> 952.74902 | AM11: =IF($C11*AM$5>(5%*AM$5),(5%*AM$5)*$B11,$C11*AM$5) -> 948.30286 | AN11: =IF($C11*AN$5>(5%*AN$5),(5%*AN$5)*$B11,$C11*AN$5) -> 943.87745 | AO11: =IF($C11*AO$5>(5%*AO$5),(5%*AO$5)*$B11,$C11*AO$5) -> 939.47268 | ... AS11: =IF($C11*AS$5>(5%*AS$5),(5%*AS$5)*$B11,$C11*AS$5) -> 922.05824 | AW11: =IF($C11*AW$5>(5%*AW$5),(5%*AW$5)*$B11,$C11*AW$5) -> 1531.7056 | AX11: =IF($C11*AX$5>(5%*AX$5),(5%*AX$5)*$B11,$C11*AX$5) -> 1238.0997 | AY11: =IF($C11*AY$5>(5%*AY$5),(5%*AY$5)*$B11,$C11*AY$5) -> 1231.0838 | AZ11: =IF($C11*AZ$5>(5%*AZ$5),(5%*AZ$5)*$B11,$C11*AZ$5) -> 1224.1076 | BA11: =IF($C11*BA$5>(5%*BA$5),(5%*BA$5)*$B11,$C11*BA$5) -> 1217.171 | BB11: =IF($C11*BB$5>(5%*BB$5),(5%*BB$5)*$B11,$C11*BB$5) -> 1210.2737 | BC11: =IF($C11*BC$5>(5%*BC$5),(5%*BC$5)*$B11,$C11*BC$5) -> 1203.4155 | BD11: =IF($C11*BD$5>(5%*BD$5),(5%*BD$5)*$B11,$C11*BD$5) -> 1196.5961 | ... BH11: =IF($C11*BH$5>(5%*BH$5),(5%*BH$5)*$B11,$C11*BH$5) -> 1169.703 | BL11: =IF($C11*BL$5>(5%*BL$5),(5%*BL$5)*$B11,$C11*BL$5) -> 1914.632 | BM11: =IF($C11*BM$5>(5%*BM$5),(5%*BM$5)*$B11,$C11*BM$5) -> 1489.5203 | BN11: =IF($C11*BN$5>(5%*BN$5),(5%*BN$5)*$B11,$C11*BN$5) -> 1479.5902 | BO11: =IF($C11*BO$5>(5%*BO$5),(5%*BO$5)*$B11,$C11*BO$5) -> 1469.7262 | BP11: =IF($C11*BP$5>(5%*BP$5),(5%*BP$5)*$B11,$C11*BP$5) -> 1459.928 | BQ11: =IF($C11*BQ$5>(5%*BQ$5),(5%*BQ$5)*$B11,$C11*BQ$5) -> 1450.1952 | BR11: =IF($C11*BR$5>(5%*BR$5),(5%*BR$5)*$B11,$C11*BR$5) -> 1440.5272 | BS11: =IF($C11*BS$5>(5%*BS$5),(5%*BS$5)*$B11,$C11*BS$5) -> 1430.9237 | ... BW11: =IF($C11*BW$5>(5%*BW$5),(5%*BW$5)*$B11,$C11*BW$5) -> 1393.1456
